{"aw_c_AGE":27.2560134469,"aw_c_AST\/TOV":0.9521504036,"aw_c_AST_PCT":0.0841471049,"aw_c_AST_PP":0.0263698487,"aw_c_AST_TOT":101.6812728221,"aw_c_BLK_PP":0.0229524141,"aw_c_BLK_TOT":85.215382832,"aw_c_DREB_PCT":0.1968571263,"aw_c_DREB_PP":0.0986146177,"aw_c_DREB_TOT":371.8311597983,"aw_c_FG2A_PP":0.1461985162,"aw_c_FG2A_TOT":556.9414014954,"aw_c_FG2M_PP":0.0768878456,"aw_c_FG2M_TOT":294.704283313,"aw_c_FG2_PCT":0.5283448048,"aw_c_FG3A_PP":0.0079583261,"aw_c_FG3A_TOT":32.1269344462,"aw_c_FG3M_PP":0.0027005159,"aw_c_FG3M_TOT":11.0327479279,"aw_c_FG3_FREQ":0.043718036,"aw_c_FG3_PCT":0.117958384,"aw_c_FTA_PP":0.0563257405,"aw_c_FTA_TOT":219.6648119168,"aw_c_FTM_PP":0.0380814931,"aw_c_FTM_TOT":149.3226685214,"aw_c_FT_PCT":0.6755308062,"aw_c_HEIGHT":83.257694314,"aw_c_L":34.0998087289,"aw_c_MIN_TOT":1870.3402955077,"aw_c_NET_RATING":0.4998435055,"aw_c_OREB_PCT":0.0913153654,"aw_c_OREB_PP":0.045553469,"aw_c_OREB_TOT":167.9325334724,"aw_c_PFD_PP":0.0442995421,"aw_c_PFD_TOT":171.1918506926,"aw_c_PF_PP":0.0545438474,"aw_c_PF_TOT":190.2546803454,"aw_c_PLUS_MINUS":33.2565350953,"aw_c_STL_PP":0.0119828436,"aw_c_STL_TOT":44.5774068278,"aw_c_TOV_PP":0.0288822234,"aw_c_TOV_TOT":107.9854518055,"aw_c_TS_PCT":0.5582026314,"aw_c_USG_PCT":0.1825888831,"aw_c_W":35.1181243842,"aw_c_W_PCT":0.5029329392,"aw_f_1_AGE":27.1680867096,"aw_f_1_AST\/TOV":1.3410519712,"aw_f_1_AST_PCT":0.1132085434,"aw_f_1_AST_PP":0.03501194,"aw_f_1_AST_TOT":155.8044398076,"aw_f_1_BLK_PP":0.0112321335,"aw_f_1_BLK_TOT":47.393670666,"aw_f_1_DREB_PCT":0.151728453,"aw_f_1_DREB_PP":0.0757719237,"aw_f_1_DREB_TOT":323.6850402828,"aw_f_1_FG2A_PP":0.1378432736,"aw_f_1_FG2A_TOT":603.113835275,"aw_f_1_FG2M_PP":0.0680166348,"aw_f_1_FG2M_TOT":298.9486466122,"aw_f_1_FG2_PCT":0.4915120604,"aw_f_1_FG3A_PP":0.0394117545,"aw_f_1_FG3A_TOT":171.0830580189,"aw_f_1_FG3M_PP":0.0140609749,"aw_f_1_FG3M_TOT":61.4799744972,"aw_f_1_FG3_FREQ":0.231180622,"aw_f_1_FG3_PCT":0.2884530227,"aw_f_1_FTA_PP":0.052686895,"aw_f_1_FTA_TOT":235.3744276358,"aw_f_1_FTM_PP":0.0400226627,"aw_f_1_FTM_TOT":180.3798180027,"aw_f_1_FT_PCT":0.7520798702,"aw_f_1_HEIGHT":80.5563090477,"aw_f_1_L":34.8374775401,"aw_f_1_MIN_TOT":2141.5335099182,"aw_f_1_NET_RATING":0.6624934794,"aw_f_1_OREB_PCT":0.0518968875,"aw_f_1_OREB_PP":0.0259158407,"aw_f_1_OREB_TOT":107.6395409494,"aw_f_1_PFD_PP":0.0384298383,"aw_f_1_PFD_TOT":169.5041442068,"aw_f_1_PF_PP":0.041639425,"aw_f_1_PF_TOT":169.1750999826,"aw_f_1_PLUS_MINUS":47.2768793833,"aw_f_1_STL_PP":0.0153044108,"aw_f_1_STL_TOT":65.4216657973,"aw_f_1_TOV_PP":0.0267165131,"aw_f_1_TOV_TOT":115.8622268591,"aw_f_1_TS_PCT":0.5422643598,"aw_f_1_USG_PCT":0.1992557236,"aw_f_1_W":36.0616124732,"aw_f_1_W_PCT":0.5042241349,"aw_f_2_AGE":27.1643772098,"aw_f_2_AST\/TOV":1.3423461439,"aw_f_2_AST_PCT":0.113577175,"aw_f_2_AST_PP":0.0351150525,"aw_f_2_AST_TOT":155.6876485249,"aw_f_2_BLK_PP":0.0113002376,"aw_f_2_BLK_TOT":47.6850982438,"aw_f_2_DREB_PCT":0.1516020982,"aw_f_2_DREB_PP":0.0757181939,"aw_f_2_DREB_TOT":322.7097316409,"aw_f_2_FG2A_PP":0.1378161479,"aw_f_2_FG2A_TOT":601.8180606271,"aw_f_2_FG2M_PP":0.0680061439,"aw_f_2_FG2M_TOT":298.3976120095,"aw_f_2_FG2_PCT":0.4916317452,"aw_f_2_FG3A_PP":0.0396116617,"aw_f_2_FG3A_TOT":170.990262563,"aw_f_2_FG3M_PP":0.0141267606,"aw_f_2_FG3M_TOT":61.4864081609,"aw_f_2_FG3_FREQ":0.2316398914,"aw_f_2_FG3_PCT":0.2878959601,"aw_f_2_FTA_PP":0.0527481018,"aw_f_2_FTA_TOT":234.9073784269,"aw_f_2_FTM_PP":0.040091984,"aw_f_2_FTM_TOT":180.1000405727,"aw_f_2_FT_PCT":0.7532337564,"aw_f_2_HEIGHT":80.566626094,"aw_f_2_L":34.8140033617,"aw_f_2_MIN_TOT":2136.1876016699,"aw_f_2_NET_RATING":0.6830116501,"aw_f_2_OREB_PCT":0.0517605054,"aw_f_2_OREB_PP":0.0258346954,"aw_f_2_OREB_TOT":107.1812438417,"aw_f_2_PFD_PP":0.038510346,"aw_f_2_PFD_TOT":169.0159972179,"aw_f_2_PF_PP":0.0416949516,"aw_f_2_PF_TOT":169.11476265,"aw_f_2_PLUS_MINUS":48.2979192025,"aw_f_2_STL_PP":0.015307077,"aw_f_2_STL_TOT":65.2174114647,"aw_f_2_TOV_PP":0.0267398713,"aw_f_2_TOV_TOT":115.4761490755,"aw_f_2_TS_PCT":0.5422925868,"aw_f_2_USG_PCT":0.1994713963,"aw_f_2_W":36.0157653741,"aw_f_2_W_PCT":0.5042869066,"aw_g_1_AGE":27.092679534,"aw_g_1_AST\/TOV":2.1342943342,"aw_g_1_AST_PCT":0.2229284182,"aw_g_1_AST_PP":0.0695902742,"aw_g_1_AST_TOT":306.883498522,"aw_g_1_BLK_PP":0.0044508781,"aw_g_1_BLK_TOT":18.9736857358,"aw_g_1_DREB_PCT":0.0932912537,"aw_g_1_DREB_PP":0.0464609633,"aw_g_1_DREB_TOT":200.5047238161,"aw_g_1_FG2A_PP":0.1271011998,"aw_g_1_FG2A_TOT":562.4381846635,"aw_g_1_FG2M_PP":0.0598196835,"aw_g_1_FG2M_TOT":266.1971251377,"aw_g_1_FG2_PCT":0.4692884015,"aw_g_1_FG3A_PP":0.0584447922,"aw_g_1_FG3A_TOT":254.5458181186,"aw_g_1_FG3M_PP":0.0212290616,"aw_g_1_FG3M_TOT":93.0916362372,"aw_g_1_FG3_FREQ":0.3223562321,"aw_g_1_FG3_PCT":0.3469839448,"aw_g_1_FTA_PP":0.050461485,"aw_g_1_FTA_TOT":228.8802527097,"aw_g_1_FTM_PP":0.0406624935,"aw_g_1_FTM_TOT":185.4974786994,"aw_g_1_FT_PCT":0.7972295253,"aw_g_1_HEIGHT":75.8770648583,"aw_g_1_L":34.2739233756,"aw_g_1_MIN_TOT":2158.3416012615,"aw_g_1_NET_RATING":0.5967773721,"aw_g_1_OREB_PCT":0.0219651655,"aw_g_1_OREB_PP":0.010922854,"aw_g_1_OREB_TOT":46.6877644468,"aw_g_1_PFD_PP":0.0375155625,"aw_g_1_PFD_TOT":167.048571263,"aw_g_1_PF_PP":0.0359234336,"aw_g_1_PF_TOT":149.1074016113,"aw_g_1_PLUS_MINUS":48.7720396453,"aw_g_1_STL_PP":0.0180691474,"aw_g_1_STL_TOT":78.0237060221,"aw_g_1_TOV_PP":0.0323736741,"aw_g_1_TOV_TOT":141.4618906857,"aw_g_1_TS_PCT":0.5372524778,"aw_g_1_USG_PCT":0.2101633339,"aw_g_1_W":35.7110647424,"aw_g_1_W_PCT":0.5047607373,"aw_g_2_AGE":27.0585985046,"aw_g_2_AST\/TOV":2.131164646,"aw_g_2_AST_PCT":0.222342723,"aw_g_2_AST_PP":0.0694054367,"aw_g_2_AST_TOT":307.0392975135,"aw_g_2_BLK_PP":0.0044129137,"aw_g_2_BLK_TOT":18.8745725381,"aw_g_2_DREB_PCT":0.0930653799,"aw_g_2_DREB_PP":0.0463495044,"aw_g_2_DREB_TOT":200.5455283139,"aw_g_2_FG2A_PP":0.1274746421,"aw_g_2_FG2A_TOT":565.5190981279,"aw_g_2_FG2M_PP":0.059998493,"aw_g_2_FG2M_TOT":267.6733321741,"aw_g_2_FG2_PCT":0.4692423867,"aw_g_2_FG3A_PP":0.0583236539,"aw_g_2_FG3A_TOT":254.624876833,"aw_g_2_FG3M_PP":0.0212476671,"aw_g_2_FG3M_TOT":93.3303773257,"aw_g_2_FG3_FREQ":0.3212476241,"aw_g_2_FG3_PCT":0.3470129832,"aw_g_2_FTA_PP":0.050565293,"aw_g_2_FTA_TOT":229.9074943488,"aw_g_2_FTM_PP":0.0407652003,"aw_g_2_FTM_TOT":186.2889352576,"aw_g_2_FT_PCT":0.7980109546,"aw_g_2_HEIGHT":75.8612415232,"aw_g_2_L":34.3232481308,"aw_g_2_MIN_TOT":2165.874490612,"aw_g_2_NET_RATING":0.5896945459,"aw_g_2_OREB_PCT":0.0218288993,"aw_g_2_OREB_PP":0.0108538225,"aw_g_2_OREB_TOT":46.6571031125,"aw_g_2_PFD_PP":0.0375774068,"aw_g_2_PFD_TOT":167.9972758361,"aw_g_2_PF_PP":0.0358348693,"aw_g_2_PF_TOT":149.7063119457,"aw_g_2_PLUS_MINUS":47.4935953168,"aw_g_2_STL_PP":0.0180997508,"aw_g_2_STL_TOT":78.3828899322,"aw_g_2_TOV_PP":0.032354605,"aw_g_2_TOV_TOT":141.8100620182,"aw_g_2_TS_PCT":0.5377593462,"aw_g_2_USG_PCT":0.2104218976,"aw_g_2_W":35.8035703936,"aw_g_2_W_PCT":0.5053257405,"aw_W_PCT":0.4946627833,"aw_GP":41.0108386947}