{"hm_c_AGE":4.2364727258,"hm_c_AST\/TOV":0.5345092917,"hm_c_AST_PCT":0.0492640275,"hm_c_AST_PP":0.0151544223,"hm_c_AST_TOT":76.1310004847,"hm_c_BLK_PP":0.0106489755,"hm_c_BLK_TOT":50.1855476507,"hm_c_DREB_PCT":0.0463020652,"hm_c_DREB_PP":0.0234151458,"hm_c_DREB_TOT":173.0076969725,"hm_c_FG2A_PP":0.0442936304,"hm_c_FG2A_TOT":282.819056737,"hm_c_FG2M_PP":0.0233687519,"hm_c_FG2M_TOT":151.5486930462,"hm_c_FG2_PCT":0.0600663903,"hm_c_FG3A_PP":0.0189395936,"hm_c_FG3A_TOT":79.5770116587,"hm_c_FG3M_PP":0.0070183544,"hm_c_FG3M_TOT":29.6478438252,"hm_c_FG3_FREQ":0.1023478308,"hm_c_FG3_PCT":0.1960518265,"hm_c_FTA_PP":0.026659144,"hm_c_FTA_TOT":151.5321736394,"hm_c_FTM_PP":0.0187242124,"hm_c_FTM_TOT":103.9541341326,"hm_c_FT_PCT":0.1209816025,"hm_c_HEIGHT":1.4805055478,"hm_c_L":12.0026495611,"hm_c_MIN_TOT":642.0684143236,"hm_c_NET_RATING":6.1308308431,"hm_c_OREB_PCT":0.0253259243,"hm_c_OREB_PP":0.0134295134,"hm_c_OREB_TOT":78.7113587142,"hm_c_PFD_PP":0.0254871781,"hm_c_PFD_TOT":130.3837031066,"hm_c_PF_PP":0.0144824191,"hm_c_PF_TOT":58.243160646,"hm_c_PLUS_MINUS":224.9101951712,"hm_c_STL_PP":0.0048475743,"hm_c_STL_TOT":24.748496337,"hm_c_TOV_PP":0.0086549533,"hm_c_TOV_TOT":53.329648758,"hm_c_TS_PCT":0.052238393,"hm_c_USG_PCT":0.0513208749,"hm_c_W":13.0948515333,"hm_c_W_PCT":0.1525997903,"hm_f_1_AGE":4.1147439795,"hm_f_1_AST\/TOV":0.5070976638,"hm_f_1_AST_PCT":0.0585504731,"hm_f_1_AST_PP":0.0172328481,"hm_f_1_AST_TOT":104.2875955848,"hm_f_1_BLK_PP":0.0084306793,"hm_f_1_BLK_TOT":39.3043744471,"hm_f_1_DREB_PCT":0.0446221673,"hm_f_1_DREB_PP":0.0226062188,"hm_f_1_DREB_TOT":142.5165290778,"hm_f_1_FG2A_PP":0.0515954003,"hm_f_1_FG2A_TOT":320.8067932831,"hm_f_1_FG2M_PP":0.0266328966,"hm_f_1_FG2M_TOT":164.5299861851,"hm_f_1_FG2_PCT":0.0463536082,"hm_f_1_FG3A_PP":0.0315247696,"hm_f_1_FG3A_TOT":149.0104443205,"hm_f_1_FG3M_PP":0.0120397547,"hm_f_1_FG3M_TOT":57.074556457,"hm_f_1_FG3_FREQ":0.1914986797,"hm_f_1_FG3_PCT":0.1389972266,"hm_f_1_FTA_PP":0.0265748883,"hm_f_1_FTA_TOT":158.4220732954,"hm_f_1_FTM_PP":0.021569801,"hm_f_1_FTM_TOT":127.8655271448,"hm_f_1_FT_PCT":0.0880824195,"hm_f_1_HEIGHT":1.7095097448,"hm_f_1_L":11.6732266634,"hm_f_1_MIN_TOT":635.3074527867,"hm_f_1_NET_RATING":5.7554343509,"hm_f_1_OREB_PCT":0.0270862819,"hm_f_1_OREB_PP":0.0138084518,"hm_f_1_OREB_TOT":62.9736963267,"hm_f_1_PFD_PP":0.0236079116,"hm_f_1_PFD_TOT":129.6562399493,"hm_f_1_PF_PP":0.0119077173,"hm_f_1_PF_TOT":52.5194885236,"hm_f_1_PLUS_MINUS":254.524366432,"hm_f_1_STL_PP":0.0053430854,"hm_f_1_STL_TOT":31.6170310454,"hm_f_1_TOV_PP":0.0085471781,"hm_f_1_TOV_TOT":56.8809364337,"hm_f_1_TS_PCT":0.0414184308,"hm_f_1_USG_PCT":0.0514793371,"hm_f_1_W":12.8860907959,"hm_f_1_W_PCT":0.1517462851,"hm_f_2_AGE":4.0625179429,"hm_f_2_AST\/TOV":0.5081218525,"hm_f_2_AST_PCT":0.0578479305,"hm_f_2_AST_PP":0.0171478924,"hm_f_2_AST_TOT":103.2574423014,"hm_f_2_BLK_PP":0.0083255405,"hm_f_2_BLK_TOT":38.799718635,"hm_f_2_DREB_PCT":0.0448300718,"hm_f_2_DREB_PP":0.0226827946,"hm_f_2_DREB_TOT":142.6359732898,"hm_f_2_FG2A_PP":0.0521045481,"hm_f_2_FG2A_TOT":320.4117198095,"hm_f_2_FG2M_PP":0.0268398869,"hm_f_2_FG2M_TOT":164.2743147924,"hm_f_2_FG2_PCT":0.0463571815,"hm_f_2_FG3A_PP":0.0314526384,"hm_f_2_FG3A_TOT":149.5456927567,"hm_f_2_FG3M_PP":0.0119824245,"hm_f_2_FG3M_TOT":57.1643398705,"hm_f_2_FG3_FREQ":0.1922849329,"hm_f_2_FG3_PCT":0.1394195744,"hm_f_2_FTA_PP":0.0265740131,"hm_f_2_FTA_TOT":157.0419767348,"hm_f_2_FTM_PP":0.0216485403,"hm_f_2_FTM_TOT":127.1736114933,"hm_f_2_FT_PCT":0.0874357766,"hm_f_2_HEIGHT":1.7013497517,"hm_f_2_L":11.6478102205,"hm_f_2_MIN_TOT":627.4897708882,"hm_f_2_NET_RATING":5.7269053475,"hm_f_2_OREB_PCT":0.0267942715,"hm_f_2_OREB_PP":0.0136795266,"hm_f_2_OREB_TOT":63.2161880554,"hm_f_2_PFD_PP":0.0237775282,"hm_f_2_PFD_TOT":129.6948118883,"hm_f_2_PF_PP":0.0117820102,"hm_f_2_PF_TOT":52.4307249613,"hm_f_2_PLUS_MINUS":254.4259947262,"hm_f_2_STL_PP":0.0053031501,"hm_f_2_STL_TOT":31.2917327677,"hm_f_2_TOV_PP":0.0086287651,"hm_f_2_TOV_TOT":56.6341838356,"hm_f_2_TS_PCT":0.0414308973,"hm_f_2_USG_PCT":0.0517197696,"hm_f_2_W":12.8855699325,"hm_f_2_W_PCT":0.1516906464,"hm_g_1_AGE":4.0286057874,"hm_g_1_AST\/TOV":0.7310906426,"hm_g_1_AST_PCT":0.10330597,"hm_g_1_AST_PP":0.0324626653,"hm_g_1_AST_TOT":181.7881588379,"hm_g_1_BLK_PP":0.0032370537,"hm_g_1_BLK_TOT":15.0535726653,"hm_g_1_DREB_PCT":0.0249250847,"hm_g_1_DREB_PP":0.0124913425,"hm_g_1_DREB_TOT":85.6177501575,"hm_g_1_FG2A_PP":0.0442146482,"hm_g_1_FG2A_TOT":289.5892820575,"hm_g_1_FG2M_PP":0.0219287773,"hm_g_1_FG2M_TOT":142.3487151687,"hm_g_1_FG2_PCT":0.0417765224,"hm_g_1_FG3A_PP":0.0274088129,"hm_g_1_FG3A_TOT":149.7362703945,"hm_g_1_FG3M_PP":0.0112247778,"hm_g_1_FG3M_TOT":60.1865802832,"hm_g_1_FG3_FREQ":0.1524216135,"hm_g_1_FG3_PCT":0.067077224,"hm_g_1_FTA_PP":0.0261390792,"hm_g_1_FTA_TOT":157.7270567255,"hm_g_1_FTM_PP":0.0221287311,"hm_g_1_FTM_TOT":132.3096890795,"hm_g_1_FT_PCT":0.0769054361,"hm_g_1_HEIGHT":2.40449589,"hm_g_1_L":11.6175355487,"hm_g_1_MIN_TOT":625.3168680095,"hm_g_1_NET_RATING":5.7397830348,"hm_g_1_OREB_PCT":0.0113101836,"hm_g_1_OREB_PP":0.0056383044,"hm_g_1_OREB_TOT":27.8535615219,"hm_g_1_PFD_PP":0.0222903764,"hm_g_1_PFD_TOT":125.0933353806,"hm_g_1_PF_PP":0.0090230817,"hm_g_1_PF_TOT":46.4335894,"hm_g_1_PLUS_MINUS":253.3611654297,"hm_g_1_STL_PP":0.0058743179,"hm_g_1_STL_TOT":35.5300375139,"hm_g_1_TOV_PP":0.0105526325,"hm_g_1_TOV_TOT":68.3900686911,"hm_g_1_TS_PCT":0.0417448717,"hm_g_1_USG_PCT":0.0510099784,"hm_g_1_W":13.2310203786,"hm_g_1_W_PCT":0.1524049086,"hm_g_2_AGE":4.029511903,"hm_g_2_AST\/TOV":0.7306426226,"hm_g_2_AST_PCT":0.1038301496,"hm_g_2_AST_PP":0.0326629868,"hm_g_2_AST_TOT":183.3683365008,"hm_g_2_BLK_PP":0.0032445645,"hm_g_2_BLK_TOT":14.9596728878,"hm_g_2_DREB_PCT":0.0247127138,"hm_g_2_DREB_PP":0.0124003381,"hm_g_2_DREB_TOT":85.1510539157,"hm_g_2_FG2A_PP":0.0446064094,"hm_g_2_FG2A_TOT":288.872279221,"hm_g_2_FG2M_PP":0.0220228403,"hm_g_2_FG2M_TOT":141.8528713422,"hm_g_2_FG2_PCT":0.0414872187,"hm_g_2_FG3A_PP":0.0274794624,"hm_g_2_FG3A_TOT":149.8809819948,"hm_g_2_FG3M_PP":0.011267954,"hm_g_2_FG3M_TOT":60.3087969017,"hm_g_2_FG3_FREQ":0.1529076799,"hm_g_2_FG3_PCT":0.0672478246,"hm_g_2_FTA_PP":0.0263259631,"hm_g_2_FTA_TOT":157.9291844247,"hm_g_2_FTM_PP":0.0223403915,"hm_g_2_FTM_TOT":132.9608513332,"hm_g_2_FT_PCT":0.0777823216,"hm_g_2_HEIGHT":2.4117429563,"hm_g_2_L":11.6458205031,"hm_g_2_MIN_TOT":621.9664814691,"hm_g_2_NET_RATING":5.7502594774,"hm_g_2_OREB_PCT":0.0112504966,"hm_g_2_OREB_PP":0.0056154706,"hm_g_2_OREB_TOT":27.6527656211,"hm_g_2_PFD_PP":0.0223436141,"hm_g_2_PFD_TOT":125.1540824365,"hm_g_2_PF_PP":0.0089550982,"hm_g_2_PF_TOT":46.0642981529,"hm_g_2_PLUS_MINUS":254.450707489,"hm_g_2_STL_PP":0.0058995692,"hm_g_2_STL_TOT":35.4660272285,"hm_g_2_TOV_PP":0.0105448995,"hm_g_2_TOV_TOT":68.2102923861,"hm_g_2_TS_PCT":0.0420462517,"hm_g_2_USG_PCT":0.0513686929,"hm_g_2_W":13.2528194249,"hm_g_2_W_PCT":0.1525563466,"hm_W_PCT":0.1853200621,"hm_GP":23.526063811}