{"aw_c_AGE":4.1642880643,"aw_c_AST\/TOV":0.5308455805,"aw_c_AST_PCT":0.0496376312,"aw_c_AST_PP":0.0153154447,"aw_c_AST_TOT":77.4432114654,"aw_c_BLK_PP":0.010663267,"aw_c_BLK_TOT":49.9830474333,"aw_c_DREB_PCT":0.0465165226,"aw_c_DREB_PP":0.0234757449,"aw_c_DREB_TOT":172.9923378152,"aw_c_FG2A_PP":0.0445622903,"aw_c_FG2A_TOT":284.6836953977,"aw_c_FG2M_PP":0.0234302375,"aw_c_FG2M_TOT":152.2742796687,"aw_c_FG2_PCT":0.0601939643,"aw_c_FG3A_PP":0.0190706995,"aw_c_FG3A_TOT":79.8377470102,"aw_c_FG3M_PP":0.0070579632,"aw_c_FG3M_TOT":29.7498888774,"aw_c_FG3_FREQ":0.1038972452,"aw_c_FG3_PCT":0.1937169428,"aw_c_FTA_PP":0.0264229145,"aw_c_FTA_TOT":150.5646367132,"aw_c_FTM_PP":0.0186677148,"aw_c_FTM_TOT":103.8015817547,"aw_c_FT_PCT":0.1196038241,"aw_c_HEIGHT":1.4946911084,"aw_c_L":11.9356917599,"aw_c_MIN_TOT":642.9492733206,"aw_c_NET_RATING":6.1286342312,"aw_c_OREB_PCT":0.0253698066,"aw_c_OREB_PP":0.0134562217,"aw_c_OREB_TOT":78.3911062405,"aw_c_PFD_PP":0.0253318429,"aw_c_PFD_TOT":129.7180688299,"aw_c_PF_PP":0.014664422,"aw_c_PF_TOT":58.1827449909,"aw_c_PLUS_MINUS":225.4283153762,"aw_c_STL_PP":0.0048370948,"aw_c_STL_TOT":24.7216949846,"aw_c_TOV_PP":0.008567636,"aw_c_TOV_TOT":53.1748814272,"aw_c_TS_PCT":0.051928675,"aw_c_USG_PCT":0.0511207663,"aw_c_W":13.0677539851,"aw_c_W_PCT":0.1523395974,"aw_f_1_AGE":4.0779946965,"aw_f_1_AST\/TOV":0.5091363934,"aw_f_1_AST_PCT":0.0580242673,"aw_f_1_AST_PP":0.0171175704,"aw_f_1_AST_TOT":103.8035992773,"aw_f_1_BLK_PP":0.0083880641,"aw_f_1_BLK_TOT":39.0269066104,"aw_f_1_DREB_PCT":0.0448517468,"aw_f_1_DREB_PP":0.0226979549,"aw_f_1_DREB_TOT":143.5388580723,"aw_f_1_FG2A_PP":0.0518308117,"aw_f_1_FG2A_TOT":321.5806126373,"aw_f_1_FG2M_PP":0.0266999223,"aw_f_1_FG2M_TOT":164.5993696368,"aw_f_1_FG2_PCT":0.0466971924,"aw_f_1_FG3A_PP":0.0314997033,"aw_f_1_FG3A_TOT":149.6422669783,"aw_f_1_FG3M_PP":0.0120189888,"aw_f_1_FG3M_TOT":57.2249816273,"aw_f_1_FG3_FREQ":0.192275901,"aw_f_1_FG3_PCT":0.1404091386,"aw_f_1_FTA_PP":0.0264299651,"aw_f_1_FTA_TOT":157.58601688,"aw_f_1_FTM_PP":0.0215081112,"aw_f_1_FTM_TOT":127.5366410359,"aw_f_1_FT_PCT":0.089447062,"aw_f_1_HEIGHT":1.7049191365,"aw_f_1_L":11.6995588689,"aw_f_1_MIN_TOT":640.3869620792,"aw_f_1_NET_RATING":5.7799101099,"aw_f_1_OREB_PCT":0.0272667322,"aw_f_1_OREB_PP":0.0139408761,"aw_f_1_OREB_TOT":63.3102649879,"aw_f_1_PFD_PP":0.0234565508,"aw_f_1_PFD_TOT":128.9523141737,"aw_f_1_PF_PP":0.0119064119,"aw_f_1_PF_TOT":52.5798062415,"aw_f_1_PLUS_MINUS":253.3387461825,"aw_f_1_STL_PP":0.0052913183,"aw_f_1_STL_TOT":31.5921015736,"aw_f_1_TOV_PP":0.0085999416,"aw_f_1_TOV_TOT":57.1698057991,"aw_f_1_TS_PCT":0.0415250174,"aw_f_1_USG_PCT":0.05166023,"aw_f_1_W":12.9707110832,"aw_f_1_W_PCT":0.1520671596,"aw_f_2_AGE":4.0636574905,"aw_f_2_AST\/TOV":0.5071317162,"aw_f_2_AST_PCT":0.0580356376,"aw_f_2_AST_PP":0.0171439573,"aw_f_2_AST_TOT":103.2525370732,"aw_f_2_BLK_PP":0.0083363018,"aw_f_2_BLK_TOT":38.8732646005,"aw_f_2_DREB_PCT":0.0444969056,"aw_f_2_DREB_PP":0.0225115443,"aw_f_2_DREB_TOT":143.0208555318,"aw_f_2_FG2A_PP":0.0515842941,"aw_f_2_FG2A_TOT":321.0080438436,"aw_f_2_FG2M_PP":0.0266004392,"aw_f_2_FG2M_TOT":164.4127553123,"aw_f_2_FG2_PCT":0.0467012199,"aw_f_2_FG3A_PP":0.031356823,"aw_f_2_FG3A_TOT":148.0095332464,"aw_f_2_FG3M_PP":0.011969554,"aw_f_2_FG3M_TOT":56.762294497,"aw_f_2_FG3_FREQ":0.1912522381,"aw_f_2_FG3_PCT":0.1392364771,"aw_f_2_FTA_PP":0.0265289011,"aw_f_2_FTA_TOT":157.1562124206,"aw_f_2_FTM_PP":0.0215239086,"aw_f_2_FTM_TOT":126.8469538136,"aw_f_2_FT_PCT":0.0892772865,"aw_f_2_HEIGHT":1.715112219,"aw_f_2_L":11.7276684998,"aw_f_2_MIN_TOT":640.9217169792,"aw_f_2_NET_RATING":5.7683819842,"aw_f_2_OREB_PCT":0.0270791938,"aw_f_2_OREB_PP":0.0138359225,"aw_f_2_OREB_TOT":63.2920618858,"aw_f_2_PFD_PP":0.0236068394,"aw_f_2_PFD_TOT":128.8367681386,"aw_f_2_PF_PP":0.0120735636,"aw_f_2_PF_TOT":53.1794680132,"aw_f_2_PLUS_MINUS":253.4086144448,"aw_f_2_STL_PP":0.0052995843,"aw_f_2_STL_TOT":31.46982646,"aw_f_2_TOV_PP":0.0085385289,"aw_f_2_TOV_TOT":56.5764492395,"aw_f_2_TS_PCT":0.0418247479,"aw_f_2_USG_PCT":0.0514043681,"aw_f_2_W":12.926425304,"aw_f_2_W_PCT":0.1518713203,"aw_g_1_AGE":4.0216872464,"aw_g_1_AST\/TOV":0.721605313,"aw_g_1_AST_PCT":0.1035872191,"aw_g_1_AST_PP":0.032525554,"aw_g_1_AST_TOT":183.4528813927,"aw_g_1_BLK_PP":0.00328372,"aw_g_1_BLK_TOT":15.1345629232,"aw_g_1_DREB_PCT":0.0247829228,"aw_g_1_DREB_PP":0.0124493334,"aw_g_1_DREB_TOT":86.2613729347,"aw_g_1_FG2A_PP":0.0441161623,"aw_g_1_FG2A_TOT":290.7396914694,"aw_g_1_FG2M_PP":0.0218676084,"aw_g_1_FG2M_TOT":142.8813287966,"aw_g_1_FG2_PCT":0.0419036234,"aw_g_1_FG3A_PP":0.0272426268,"aw_g_1_FG3A_TOT":149.4400237357,"aw_g_1_FG3M_PP":0.0111703916,"aw_g_1_FG3M_TOT":60.0466635579,"aw_g_1_FG3_FREQ":0.1508294593,"aw_g_1_FG3_PCT":0.0668543775,"aw_g_1_FTA_PP":0.0261480832,"aw_g_1_FTA_TOT":157.8077227461,"aw_g_1_FTM_PP":0.0221532887,"aw_g_1_FTM_TOT":132.5913784703,"aw_g_1_FT_PCT":0.0777509228,"aw_g_1_HEIGHT":2.3952560289,"aw_g_1_L":11.6265019161,"aw_g_1_MIN_TOT":639.8617462235,"aw_g_1_NET_RATING":5.7691143144,"aw_g_1_OREB_PCT":0.0114515625,"aw_g_1_OREB_PP":0.005708949,"aw_g_1_OREB_TOT":27.9186505464,"aw_g_1_PFD_PP":0.0222834415,"aw_g_1_PFD_TOT":125.2375974265,"aw_g_1_PF_PP":0.0092294883,"aw_g_1_PF_TOT":46.8788797832,"aw_g_1_PLUS_MINUS":253.1783295649,"aw_g_1_STL_PP":0.0058668108,"aw_g_1_STL_TOT":35.8627829512,"aw_g_1_TOV_PP":0.0105444672,"aw_g_1_TOV_TOT":68.6149661198,"aw_g_1_TS_PCT":0.0422915769,"aw_g_1_USG_PCT":0.0512288182,"aw_g_1_W":13.3439620178,"aw_g_1_W_PCT":0.1528956339,"aw_g_2_AGE":4.035406076,"aw_g_2_AST\/TOV":0.7242979137,"aw_g_2_AST_PCT":0.1030844687,"aw_g_2_AST_PP":0.0323539522,"aw_g_2_AST_TOT":182.4218391702,"aw_g_2_BLK_PP":0.003234887,"aw_g_2_BLK_TOT":14.7282368732,"aw_g_2_DREB_PCT":0.0247996255,"aw_g_2_DREB_PP":0.0124480262,"aw_g_2_DREB_TOT":85.3554535192,"aw_g_2_FG2A_PP":0.0439488411,"aw_g_2_FG2A_TOT":288.3500887956,"aw_g_2_FG2M_PP":0.0217679793,"aw_g_2_FG2M_TOT":141.7167095507,"aw_g_2_FG2_PCT":0.0421080895,"aw_g_2_FG3A_PP":0.0273953149,"aw_g_2_FG3A_TOT":149.645378615,"aw_g_2_FG3M_PP":0.0112188903,"aw_g_2_FG3M_TOT":60.0686086853,"aw_g_2_FG3_FREQ":0.1517177719,"aw_g_2_FG3_PCT":0.0680813896,"aw_g_2_FTA_PP":0.0261902622,"aw_g_2_FTA_TOT":157.7216057813,"aw_g_2_FTM_PP":0.0221844455,"aw_g_2_FTM_TOT":132.5436976535,"aw_g_2_FT_PCT":0.0778023466,"aw_g_2_HEIGHT":2.4112654388,"aw_g_2_L":11.5818273472,"aw_g_2_MIN_TOT":629.2933446425,"aw_g_2_NET_RATING":5.7598908967,"aw_g_2_OREB_PCT":0.0112181341,"aw_g_2_OREB_PP":0.0055990817,"aw_g_2_OREB_TOT":27.5812829348,"aw_g_2_PFD_PP":0.0223209902,"aw_g_2_PFD_TOT":125.2633995948,"aw_g_2_PF_PP":0.0089585447,"aw_g_2_PF_TOT":46.5374377109,"aw_g_2_PLUS_MINUS":253.0686045315,"aw_g_2_STL_PP":0.0058600937,"aw_g_2_STL_TOT":35.5939124281,"aw_g_2_TOV_PP":0.0105159344,"aw_g_2_TOV_TOT":68.1513250477,"aw_g_2_TS_PCT":0.0421730755,"aw_g_2_USG_PCT":0.05107482,"aw_g_2_W":13.2855397056,"aw_g_2_W_PCT":0.1527075026,"aw_W_PCT":0.185355405,"aw_GP":23.5181640342}