{"aw_c_AGE":27.2734017272,"aw_c_AST\/TOV":0.9509742675,"aw_c_AST_PCT":0.0841862285,"aw_c_AST_PP":0.0263927433,"aw_c_AST_TOT":101.6850982438,"aw_c_BLK_PP":0.0229549064,"aw_c_BLK_TOT":85.1771286153,"aw_c_DREB_PCT":0.1967887324,"aw_c_DREB_PP":0.098587492,"aw_c_DREB_TOT":371.5837245696,"aw_c_FG2A_PP":0.1460972005,"aw_c_FG2A_TOT":556.4892482467,"aw_c_FG2M_PP":0.0767936591,"aw_c_FG2M_TOT":294.2900365154,"aw_c_FG2_PCT":0.5280669865,"aw_c_FG3A_PP":0.0079265055,"aw_c_FG3A_TOT":31.9145655828,"aw_c_FG3M_PP":0.002683939,"aw_c_FG3M_TOT":10.9452269171,"aw_c_FG3_FREQ":0.0435155747,"aw_c_FG3_PCT":0.1180550049,"aw_c_FTA_PP":0.0562218165,"aw_c_FTA_TOT":219.241870979,"aw_c_FTM_PP":0.0380363995,"aw_c_FTM_TOT":149.11476265,"aw_c_FT_PCT":0.6757582449,"aw_c_HEIGHT":83.2570567438,"aw_c_L":34.0867675187,"aw_c_MIN_TOT":1869.7382225344,"aw_c_NET_RATING":0.496029676,"aw_c_OREB_PCT":0.0912858633,"aw_c_OREB_PP":0.0455494697,"aw_c_OREB_TOT":167.7811974729,"aw_c_PFD_PP":0.0443000058,"aw_c_PFD_TOT":171.1405552658,"aw_c_PF_PP":0.0546095751,"aw_c_PF_TOT":190.3279429664,"aw_c_PLUS_MINUS":33.1512200777,"aw_c_STL_PP":0.0119568191,"aw_c_STL_TOT":44.4697733727,"aw_c_TOV_PP":0.0289061033,"aw_c_TOV_TOT":107.9922332348,"aw_c_TS_PCT":0.5579630209,"aw_c_USG_PCT":0.1824413146,"aw_c_W":35.121775923,"aw_c_W_PCT":0.5030680461,"aw_f_1_AGE":27.1363820785,"aw_f_1_AST\/TOV":1.3442617668,"aw_f_1_AST_PCT":0.1135537008,"aw_f_1_AST_PP":0.0351235727,"aw_f_1_AST_TOT":156.2991363821,"aw_f_1_BLK_PP":0.0112712572,"aw_f_1_BLK_TOT":47.5497015012,"aw_f_1_DREB_PCT":0.1517538979,"aw_f_1_DREB_PP":0.0757992233,"aw_f_1_DREB_TOT":323.8630383122,"aw_f_1_FG2A_PP":0.1377123399,"aw_f_1_FG2A_TOT":602.7435228656,"aw_f_1_FG2M_PP":0.06796731,"aw_f_1_FG2M_TOT":298.8346374544,"aw_f_1_FG2_PCT":0.4916421772,"aw_f_1_FG3A_PP":0.0393834116,"aw_f_1_FG3A_TOT":171.0943024402,"aw_f_1_FG3M_PP":0.0140499623,"aw_f_1_FG3M_TOT":61.4902335826,"aw_f_1_FG3_FREQ":0.2308038335,"aw_f_1_FG3_PCT":0.2881210224,"aw_f_1_FTA_PP":0.0526836492,"aw_f_1_FTA_TOT":235.4800904191,"aw_f_1_FTM_PP":0.0400110126,"aw_f_1_FTM_TOT":180.4381267026,"aw_f_1_FT_PCT":0.7518618791,"aw_f_1_HEIGHT":80.5522517823,"aw_f_1_L":34.8445487741,"aw_f_1_MIN_TOT":2142.4470093083,"aw_f_1_NET_RATING":0.6628644294,"aw_f_1_OREB_PCT":0.0519574567,"aw_f_1_OREB_PP":0.0259486466,"aw_f_1_OREB_TOT":107.7352924129,"aw_f_1_PFD_PP":0.0384461833,"aw_f_1_PFD_TOT":169.4818292471,"aw_f_1_PF_PP":0.0416209355,"aw_f_1_PF_TOT":169.099750768,"aw_f_1_PLUS_MINUS":47.3055700458,"aw_f_1_STL_PP":0.0153136846,"aw_f_1_STL_TOT":65.4929577465,"aw_f_1_TOV_PP":0.0267325103,"aw_f_1_TOV_TOT":115.9428505188,"aw_f_1_TS_PCT":0.5423223787,"aw_f_1_USG_PCT":0.1991195734,"aw_f_1_W":36.0406885759,"aw_f_1_W_PCT":0.5039739176,"aw_f_2_AGE":27.147394656,"aw_f_2_AST\/TOV":1.3393028225,"aw_f_2_AST_PCT":0.1133424912,"aw_f_2_AST_PP":0.0350363415,"aw_f_2_AST_TOT":155.0637570278,"aw_f_2_BLK_PP":0.0112735756,"aw_f_2_BLK_TOT":47.4722656929,"aw_f_2_DREB_PCT":0.1515996638,"aw_f_2_DREB_PP":0.0757069495,"aw_f_2_DREB_TOT":322.1512780386,"aw_f_2_FG2A_PP":0.1379945517,"aw_f_2_FG2A_TOT":601.8356807512,"aw_f_2_FG2M_PP":0.0680834637,"aw_f_2_FG2M_TOT":298.3950037675,"aw_f_2_FG2_PCT":0.491466923,"aw_f_2_FG3A_PP":0.0395077378,"aw_f_2_FG3A_TOT":170.2027473483,"aw_f_2_FG3M_PP":0.0140830001,"aw_f_2_FG3M_TOT":61.1771286153,"aw_f_2_FG3_FREQ":0.2310878314,"aw_f_2_FG3_PCT":0.2877938909,"aw_f_2_FTA_PP":0.0527948763,"aw_f_2_FTA_TOT":234.952298151,"aw_f_2_FTM_PP":0.0401168492,"aw_f_2_FTM_TOT":180.0842172376,"aw_f_2_FT_PCT":0.7529353156,"aw_f_2_HEIGHT":80.5588013679,"aw_f_2_L":34.8183504318,"aw_f_2_MIN_TOT":2133.2881681409,"aw_f_2_NET_RATING":0.6543731525,"aw_f_2_OREB_PCT":0.051842694,"aw_f_2_OREB_PP":0.0258818756,"aw_f_2_OREB_TOT":107.2535790877,"aw_f_2_PFD_PP":0.0385527155,"aw_f_2_PFD_TOT":169.1486118356,"aw_f_2_PF_PP":0.0417144265,"aw_f_2_PF_TOT":168.8791514519,"aw_f_2_PLUS_MINUS":46.8598504608,"aw_f_2_STL_PP":0.0153049325,"aw_f_2_STL_TOT":65.1151683765,"aw_f_2_TOV_PP":0.0267370892,"aw_f_2_TOV_TOT":115.3022662725,"aw_f_2_TS_PCT":0.5420866516,"aw_f_2_USG_PCT":0.199550397,"aw_f_2_W":35.9790181418,"aw_f_2_W_PCT":0.5040492668,"aw_g_1_AGE":27.0961571901,"aw_g_1_AST\/TOV":2.1321649312,"aw_g_1_AST_PCT":0.2225202573,"aw_g_1_AST_PP":0.0694560366,"aw_g_1_AST_TOT":306.1848374196,"aw_g_1_BLK_PP":0.0044403872,"aw_g_1_BLK_TOT":18.9542108619,"aw_g_1_DREB_PCT":0.093086014,"aw_g_1_DREB_PP":0.0463564597,"aw_g_1_DREB_TOT":200.0874630499,"aw_g_1_FG2A_PP":0.1272844723,"aw_g_1_FG2A_TOT":563.2647075871,"aw_g_1_FG2M_PP":0.0598983365,"aw_g_1_FG2M_TOT":266.5720164609,"aw_g_1_FG2_PCT":0.4691570886,"aw_g_1_FG3A_PP":0.0584091462,"aw_g_1_FG3A_TOT":254.2047180201,"aw_g_1_FG3M_PP":0.0212154988,"aw_g_1_FG3M_TOT":92.9524140729,"aw_g_1_FG3_FREQ":0.3218921105,"aw_g_1_FG3_PCT":0.3469419231,"aw_g_1_FTA_PP":0.0504280995,"aw_g_1_FTA_TOT":228.6035472092,"aw_g_1_FTM_PP":0.0406471338,"aw_g_1_FTM_TOT":185.2804729612,"aw_g_1_FT_PCT":0.7975031589,"aw_g_1_HEIGHT":75.8709789602,"aw_g_1_L":34.3038891787,"aw_g_1_MIN_TOT":2158.7385945377,"aw_g_1_NET_RATING":0.5842636063,"aw_g_1_OREB_PCT":0.0219505593,"aw_g_1_OREB_PP":0.0109171159,"aw_g_1_OREB_TOT":46.6685793775,"aw_g_1_PFD_PP":0.0375097085,"aw_g_1_PFD_TOT":167.1246160088,"aw_g_1_PF_PP":0.0359507332,"aw_g_1_PF_TOT":149.2192662146,"aw_g_1_PLUS_MINUS":47.9269692227,"aw_g_1_STL_PP":0.0180733785,"aw_g_1_STL_TOT":78.0446299194,"aw_g_1_TOV_PP":0.0323533878,"aw_g_1_TOV_TOT":141.346026778,"aw_g_1_TS_PCT":0.5371526111,"aw_g_1_USG_PCT":0.2102541007,"aw_g_1_W":35.6754767287,"aw_g_1_W_PCT":0.5043981916,"aw_g_2_AGE":27.0490349504,"aw_g_2_AST\/TOV":2.1317016898,"aw_g_2_AST_PCT":0.2224210862,"aw_g_2_AST_PP":0.0694143627,"aw_g_2_AST_TOT":306.9083058019,"aw_g_2_BLK_PP":0.0044057265,"aw_g_2_BLK_TOT":18.8182924709,"aw_g_2_DREB_PCT":0.0930046948,"aw_g_2_DREB_PP":0.0463232481,"aw_g_2_DREB_TOT":200.3254506463,"aw_g_2_FG2A_PP":0.1273858459,"aw_g_2_FG2A_TOT":564.9965223439,"aw_g_2_FG2M_PP":0.0599316641,"aw_g_2_FG2M_TOT":267.3257404509,"aw_g_2_FG2_PCT":0.4691297851,"aw_g_2_FG3A_PP":0.0583646322,"aw_g_2_FG3A_TOT":254.5459340405,"aw_g_2_FG3M_PP":0.0212628528,"aw_g_2_FG3M_TOT":93.3021503507,"aw_g_2_FG3_FREQ":0.3215627672,"aw_g_2_FG3_PCT":0.3473826001,"aw_g_2_FTA_PP":0.0505321393,"aw_g_2_FTA_TOT":229.6110821306,"aw_g_2_FTM_PP":0.0407370892,"aw_g_2_FTM_TOT":186.0500202863,"aw_g_2_FT_PCT":0.7979307367,"aw_g_2_HEIGHT":75.8619950154,"aw_g_2_L":34.3447516374,"aw_g_2_MIN_TOT":2165.6961783383,"aw_g_2_NET_RATING":0.5762012404,"aw_g_2_OREB_PCT":0.021823451,"aw_g_2_OREB_PP":0.0108528951,"aw_g_2_OREB_TOT":46.6132846461,"aw_g_2_PFD_PP":0.0375846519,"aw_g_2_PFD_TOT":167.873819046,"aw_g_2_PF_PP":0.0358315655,"aw_g_2_PF_TOT":149.6081840839,"aw_g_2_PLUS_MINUS":46.8956123573,"aw_g_2_STL_PP":0.018124616,"aw_g_2_STL_TOT":78.4539500377,"aw_g_2_TOV_PP":0.0323488089,"aw_g_2_TOV_TOT":141.680461369,"aw_g_2_TS_PCT":0.5377046311,"aw_g_2_USG_PCT":0.2103553585,"aw_g_2_W":35.7816611604,"aw_g_2_W_PCT":0.5049040167,"aw_W_PCT":0.4950543674,"aw_GP":40.9994203907}