{"hm_c_AGE":27.2906740857,"hm_c_AST\/TOV":0.9520911624,"hm_c_AST_PCT":0.0839444734,"hm_c_AST_PP":0.0263258564,"hm_c_AST_TOT":101.2769373442,"hm_c_BLK_PP":0.0231205008,"hm_c_BLK_TOT":85.5935199675,"hm_c_DREB_PCT":0.1971020692,"hm_c_DREB_PP":0.0987559265,"hm_c_DREB_TOT":371.3500260824,"hm_c_FG2A_PP":0.1458301165,"hm_c_FG2A_TOT":554.5164898858,"hm_c_FG2M_PP":0.0767217296,"hm_c_FG2M_TOT":293.4465310381,"hm_c_FG2_PCT":0.5284568198,"hm_c_FG3A_PP":0.0077079349,"hm_c_FG3A_TOT":31.4471686084,"hm_c_FG3M_PP":0.0026183852,"hm_c_FG3M_TOT":10.7997449719,"hm_c_FG3_FREQ":0.0419748575,"hm_c_FG3_PCT":0.11727004,"hm_c_FTA_PP":0.0563845708,"hm_c_FTA_TOT":219.3300295601,"hm_c_FTM_PP":0.0380090999,"hm_c_FTM_TOT":148.7201646091,"hm_c_FT_PCT":0.6737149481,"hm_c_HEIGHT":83.2682432041,"hm_c_L":33.9694545876,"hm_c_MIN_TOT":1866.3129022058,"hm_c_NET_RATING":0.5502231496,"hm_c_OREB_PCT":0.0915035646,"hm_c_OREB_PP":0.045643888,"hm_c_OREB_TOT":167.9091752159,"hm_c_PFD_PP":0.0444053208,"hm_c_PFD_TOT":171.3070770301,"hm_c_PF_PP":0.0545194459,"hm_c_PF_TOT":189.842925868,"hm_c_PLUS_MINUS":33.9351417145,"hm_c_STL_PP":0.0119563554,"hm_c_STL_TOT":44.4126818524,"hm_c_TOV_PP":0.0288743987,"hm_c_TOV_TOT":107.7838636759,"hm_c_TS_PCT":0.5580907668,"hm_c_USG_PCT":0.1820716977,"hm_c_W":35.0884483858,"hm_c_W_PCT":0.5036806353,"hm_f_1_AGE":27.1587549991,"hm_f_1_AST\/TOV":1.3431179379,"hm_f_1_AST_PCT":0.1135509766,"hm_f_1_AST_PP":0.0351211963,"hm_f_1_AST_TOT":156.2603025561,"hm_f_1_BLK_PP":0.0113103808,"hm_f_1_BLK_TOT":47.7763287544,"hm_f_1_DREB_PCT":0.1515478468,"hm_f_1_DREB_PP":0.0757267142,"hm_f_1_DREB_TOT":323.6392511447,"hm_f_1_FG2A_PP":0.1378944531,"hm_f_1_FG2A_TOT":604.2777487973,"hm_f_1_FG2M_PP":0.0680969107,"hm_f_1_FG2M_TOT":299.6900828841,"hm_f_1_FG2_PCT":0.4919095905,"hm_f_1_FG3A_PP":0.039531154,"hm_f_1_FG3A_TOT":171.5815220541,"hm_f_1_FG3M_PP":0.0141031705,"hm_f_1_FG3M_TOT":61.6951834464,"hm_f_1_FG3_FREQ":0.2312303889,"hm_f_1_FG3_PCT":0.2884185939,"hm_f_1_FTA_PP":0.0528987422,"hm_f_1_FTA_TOT":236.4232307425,"hm_f_1_FTM_PP":0.0401393381,"hm_f_1_FTM_TOT":181.0509476613,"hm_f_1_FT_PCT":0.7516309627,"hm_f_1_HEIGHT":80.5403118298,"hm_f_1_L":34.7823566916,"hm_f_1_MIN_TOT":2145.1142615757,"hm_f_1_NET_RATING":0.7412565931,"hm_f_1_OREB_PCT":0.0518003246,"hm_f_1_OREB_PP":0.0258527213,"hm_f_1_OREB_TOT":107.4344172028,"hm_f_1_PFD_PP":0.0385957225,"hm_f_1_PFD_TOT":170.114704689,"hm_f_1_PF_PP":0.0415645395,"hm_f_1_PF_TOT":169.2220483394,"hm_f_1_PLUS_MINUS":49.7759809888,"hm_f_1_STL_PP":0.0152802411,"hm_f_1_STL_TOT":65.4242160784,"hm_f_1_TOV_PP":0.0267139048,"hm_f_1_TOV_TOT":115.8978148728,"hm_f_1_TS_PCT":0.5424868139,"hm_f_1_USG_PCT":0.1994849012,"hm_f_1_W":36.1187619544,"hm_f_1_W_PCT":0.5054363299,"hm_f_2_AGE":27.1869819741,"hm_f_2_AST\/TOV":1.3459463221,"hm_f_2_AST_PCT":0.113605286,"hm_f_2_AST_PP":0.0351370776,"hm_f_2_AST_TOT":156.4884947545,"hm_f_2_BLK_PP":0.0112510288,"hm_f_2_BLK_TOT":47.7339593114,"hm_f_2_DREB_PCT":0.1521895902,"hm_f_2_DREB_PP":0.07603269,"hm_f_2_DREB_TOT":326.1206167043,"hm_f_2_FG2A_PP":0.1384977105,"hm_f_2_FG2A_TOT":607.4798006144,"hm_f_2_FG2M_PP":0.0683966267,"hm_f_2_FG2M_TOT":301.3586043007,"hm_f_2_FG2_PCT":0.4920297132,"hm_f_2_FG3A_PP":0.0392968179,"hm_f_2_FG3A_TOT":170.82258158,"hm_f_2_FG3M_PP":0.0139992465,"hm_f_2_FG3M_TOT":61.3446357155,"hm_f_2_FG3_FREQ":0.2300875924,"hm_f_2_FG3_PCT":0.2886939083,"hm_f_2_FTA_PP":0.0531122124,"hm_f_2_FTA_TOT":237.4184779459,"hm_f_2_FTM_PP":0.0404138411,"hm_f_2_FTM_TOT":182.1509882339,"hm_f_2_FT_PCT":0.7537705327,"hm_f_2_HEIGHT":80.591375413,"hm_f_2_L":34.7525647713,"hm_f_2_MIN_TOT":2150.4110379796,"hm_f_2_NET_RATING":0.7658320292,"hm_f_2_OREB_PCT":0.0519371703,"hm_f_2_OREB_PP":0.0259199559,"hm_f_2_OREB_TOT":108.3981336579,"hm_f_2_PFD_PP":0.0388712688,"hm_f_2_PFD_TOT":171.390077088,"hm_f_2_PF_PP":0.0414654843,"hm_f_2_PF_TOT":169.4755694662,"hm_f_2_PLUS_MINUS":51.3666608706,"hm_f_2_STL_PP":0.0153271315,"hm_f_2_STL_TOT":65.6791282675,"hm_f_2_TOV_PP":0.0267243958,"hm_f_2_TOV_TOT":116.1617110068,"hm_f_2_TS_PCT":0.542618675,"hm_f_2_USG_PCT":0.1999118994,"hm_f_2_W":36.1789833652,"hm_f_2_W_PCT":0.505844259,"hm_g_1_AGE":27.082942097,"hm_g_1_AST\/TOV":2.1394664653,"hm_g_1_AST_PCT":0.22403269,"hm_g_1_AST_PP":0.0699247667,"hm_g_1_AST_TOT":310.0504260129,"hm_g_1_BLK_PP":0.004407987,"hm_g_1_BLK_TOT":19.0027821248,"hm_g_1_DREB_PCT":0.0929526459,"hm_g_1_DREB_PP":0.0462962963,"hm_g_1_DREB_TOT":201.2972236712,"hm_g_1_FG2A_PP":0.1278198574,"hm_g_1_FG2A_TOT":569.8572422187,"hm_g_1_FG2M_PP":0.0601669855,"hm_g_1_FG2M_TOT":269.7137889063,"hm_g_1_FG2_PCT":0.4691754699,"hm_g_1_FG3A_PP":0.0584306497,"hm_g_1_FG3A_TOT":255.8781081551,"hm_g_1_FG3M_PP":0.0212342781,"hm_g_1_FG3M_TOT":93.5767692575,"hm_g_1_FG3_FREQ":0.3213139205,"hm_g_1_FG3_PCT":0.3468373037,"hm_g_1_FTA_PP":0.0507471744,"hm_g_1_FTA_TOT":231.4671071698,"hm_g_1_FTM_PP":0.040903553,"hm_g_1_FTM_TOT":187.4924360981,"hm_g_1_FT_PCT":0.7977010955,"hm_g_1_HEIGHT":75.8381730713,"hm_g_1_L":34.3162928186,"hm_g_1_MIN_TOT":2176.0463413065,"hm_g_1_NET_RATING":0.670903611,"hm_g_1_OREB_PCT":0.0218999594,"hm_g_1_OREB_PP":0.0108832087,"hm_g_1_OREB_TOT":47.005332406,"hm_g_1_PFD_PP":0.0376917058,"hm_g_1_PFD_TOT":168.9241870979,"hm_g_1_PF_PP":0.0357348287,"hm_g_1_PF_TOT":150.0084043355,"hm_g_1_PLUS_MINUS":50.4405031009,"hm_g_1_STL_PP":0.0180988234,"hm_g_1_STL_TOT":78.7676346143,"hm_g_1_TOV_PP":0.0324581812,"hm_g_1_TOV_TOT":142.9409378079,"hm_g_1_TS_PCT":0.5374924361,"hm_g_1_USG_PCT":0.2109755984,"hm_g_1_W":35.8914971309,"hm_g_1_W_PCT":0.5062257578,"hm_g_2_AGE":27.1088506347,"hm_g_2_AST\/TOV":2.1406241228,"hm_g_2_AST_PCT":0.2240299078,"hm_g_2_AST_PP":0.0699597172,"hm_g_2_AST_TOT":310.9870167507,"hm_g_2_BLK_PP":0.0043992929,"hm_g_2_BLK_TOT":18.977974845,"hm_g_2_DREB_PCT":0.0931949226,"hm_g_2_DREB_PP":0.0464147105,"hm_g_2_DREB_TOT":202.3669506752,"hm_g_2_FG2A_PP":0.1277321625,"hm_g_2_FG2A_TOT":569.7221352808,"hm_g_2_FG2M_PP":0.0601411349,"hm_g_2_FG2M_TOT":269.7188315076,"hm_g_2_FG2_PCT":0.4696807607,"hm_g_2_FG3A_PP":0.0585093027,"hm_g_2_FG3A_TOT":256.5988523735,"hm_g_2_FG3M_PP":0.0213333913,"hm_g_2_FG3M_TOT":94.0945922448,"hm_g_2_FG3_FREQ":0.3219096602,"hm_g_2_FG3_PCT":0.3476522924,"hm_g_2_FTA_PP":0.050768562,"hm_g_2_FTA_TOT":231.8973511853,"hm_g_2_FTM_PP":0.0409511389,"hm_g_2_FTM_TOT":188.0250970846,"hm_g_2_FT_PCT":0.7983581406,"hm_g_2_HEIGHT":75.8891786936,"hm_g_2_L":34.3225525995,"hm_g_2_MIN_TOT":2180.4711747642,"hm_g_2_NET_RATING":0.7270387759,"hm_g_2_OREB_PCT":0.0218386947,"hm_g_2_OREB_PP":0.0108630963,"hm_g_2_OREB_TOT":47.0113023822,"hm_g_2_PFD_PP":0.0376791283,"hm_g_2_PFD_TOT":169.0960412682,"hm_g_2_PF_PP":0.0357658958,"hm_g_2_PF_TOT":150.34863502,"hm_g_2_PLUS_MINUS":52.2141656524,"hm_g_2_STL_PP":0.0181152263,"hm_g_2_STL_TOT":78.8990320524,"hm_g_2_TOV_PP":0.0324301281,"hm_g_2_TOV_TOT":143.0146061555,"hm_g_2_TS_PCT":0.5383371008,"hm_g_2_USG_PCT":0.2109072045,"hm_g_2_W":35.9678316814,"hm_g_2_W_PCT":0.5069149133,"hm_W_PCT":0.5042497537,"hm_GP":40.988523735}