{"aw_c_AGE":27.2672578682,"aw_c_AST\/TOV":0.952111776,"aw_c_AST_PCT":0.0841894743,"aw_c_AST_PP":0.0263995827,"aw_c_AST_TOT":101.7974265345,"aw_c_BLK_PP":0.022949516,"aw_c_BLK_TOT":85.1927201066,"aw_c_DREB_PCT":0.1967823567,"aw_c_DREB_PP":0.0985826813,"aw_c_DREB_TOT":371.7195270388,"aw_c_FG2A_PP":0.146077088,"aw_c_FG2A_TOT":556.4765548021,"aw_c_FG2M_PP":0.0768039761,"aw_c_FG2M_TOT":294.3604010897,"aw_c_FG2_PCT":0.5281999395,"aw_c_FG3A_PP":0.0079568191,"aw_c_FG3A_TOT":32.1424100156,"aw_c_FG3M_PP":0.0026966904,"aw_c_FG3M_TOT":11.0384860604,"aw_c_FG3_FREQ":0.0437876754,"aw_c_FG3_PCT":0.1184664696,"aw_c_FTA_PP":0.0561522634,"aw_c_FTA_TOT":218.9862052976,"aw_c_FTM_PP":0.0379709036,"aw_c_FTM_TOT":148.8974091462,"aw_c_FT_PCT":0.6756686953,"aw_c_HEIGHT":83.2546223845,"aw_c_L":34.0965629166,"aw_c_MIN_TOT":1870.456788774,"aw_c_NET_RATING":0.5048513302,"aw_c_OREB_PCT":0.0912665044,"aw_c_OREB_PP":0.0455352113,"aw_c_OREB_TOT":167.8450704225,"aw_c_PFD_PP":0.0443371008,"aw_c_PFD_TOT":171.3975540486,"aw_c_PF_PP":0.0545367183,"aw_c_PF_TOT":190.2297571437,"aw_c_PLUS_MINUS":33.0885063467,"aw_c_STL_PP":0.0119853938,"aw_c_STL_TOT":44.594853069,"aw_c_TOV_PP":0.0288736452,"aw_c_TOV_TOT":107.9334608474,"aw_c_TS_PCT":0.5580381963,"aw_c_USG_PCT":0.1824023068,"aw_c_W":35.1520315307,"aw_c_W_PCT":0.5034083927,"aw_f_1_AGE":27.144786414,"aw_f_1_AST\/TOV":1.3420511424,"aw_f_1_AST_PCT":0.113372457,"aw_f_1_AST_PP":0.035072741,"aw_f_1_AST_TOT":156.2010085203,"aw_f_1_BLK_PP":0.0113062076,"aw_f_1_BLK_TOT":47.6848664,"aw_f_1_DREB_PCT":0.1518166116,"aw_f_1_DREB_PP":0.0758251898,"aw_f_1_DREB_TOT":323.9494001043,"aw_f_1_FG2A_PP":0.1377009216,"aw_f_1_FG2A_TOT":602.9648177129,"aw_f_1_FG2M_PP":0.0679965803,"aw_f_1_FG2M_TOT":299.0780154176,"aw_f_1_FG2_PCT":0.4918240576,"aw_f_1_FG3A_PP":0.0393010491,"aw_f_1_FG3A_TOT":170.7393496783,"aw_f_1_FG3M_PP":0.0140137947,"aw_f_1_FG3M_TOT":61.3394192314,"aw_f_1_FG3_FREQ":0.2306287085,"aw_f_1_FG3_PCT":0.2874716861,"aw_f_1_FTA_PP":0.052648409,"aw_f_1_FTA_TOT":235.3194227091,"aw_f_1_FTM_PP":0.0399765838,"aw_f_1_FTM_TOT":180.258563728,"aw_f_1_FT_PCT":0.7521063583,"aw_f_1_HEIGHT":80.5585695241,"aw_f_1_L":34.8250739002,"aw_f_1_MIN_TOT":2143.1524815943,"aw_f_1_NET_RATING":0.685544543,"aw_f_1_OREB_PCT":0.0520295601,"aw_f_1_OREB_PP":0.0259835391,"aw_f_1_OREB_TOT":107.9217527387,"aw_f_1_PFD_PP":0.0384474005,"aw_f_1_PFD_TOT":169.4937112386,"aw_f_1_PF_PP":0.0416740277,"aw_f_1_PF_TOT":169.3773256825,"aw_f_1_PLUS_MINUS":48.2971077494,"aw_f_1_STL_PP":0.0153107286,"aw_f_1_STL_TOT":65.5266330493,"aw_f_1_TOV_PP":0.0267381905,"aw_f_1_TOV_TOT":116.0363994668,"aw_f_1_TS_PCT":0.5424087985,"aw_f_1_USG_PCT":0.1990315887,"aw_f_1_W":36.1005622211,"aw_f_1_W_PCT":0.5046146177,"aw_f_2_AGE":27.1668695299,"aw_f_2_AST\/TOV":1.3423885931,"aw_f_2_AST_PCT":0.1134875094,"aw_f_2_AST_PP":0.0350933171,"aw_f_2_AST_TOT":155.5377035878,"aw_f_2_BLK_PP":0.0112740973,"aw_f_2_BLK_TOT":47.5770590622,"aw_f_2_DREB_PCT":0.1514402713,"aw_f_2_DREB_PP":0.0756256883,"aw_f_2_DREB_TOT":322.3709499797,"aw_f_2_FG2A_PP":0.1377538399,"aw_f_2_FG2A_TOT":601.5000869414,"aw_f_2_FG2M_PP":0.0679667884,"aw_f_2_FG2M_TOT":298.2112676056,"aw_f_2_FG2_PCT":0.4915451291,"aw_f_2_FG3A_PP":0.0396660871,"aw_f_2_FG3A_TOT":170.9871326726,"aw_f_2_FG3M_PP":0.0141421202,"aw_f_2_FG3M_TOT":61.4738306381,"aw_f_2_FG3_FREQ":0.2322092877,"aw_f_2_FG3_PCT":0.2886013447,"aw_f_2_FTA_PP":0.0527776619,"aw_f_2_FTA_TOT":235.0518750362,"aw_f_2_FTM_PP":0.0401340636,"aw_f_2_FTM_TOT":180.2787341332,"aw_f_2_FT_PCT":0.7533697328,"aw_f_2_HEIGHT":80.5599026256,"aw_f_2_L":34.7891960818,"aw_f_2_MIN_TOT":2135.9755043551,"aw_f_2_NET_RATING":0.6985625688,"aw_f_2_OREB_PCT":0.0516784907,"aw_f_2_OREB_PP":0.0257960934,"aw_f_2_OREB_TOT":107.0336173419,"aw_f_2_PFD_PP":0.0386430186,"aw_f_2_PFD_TOT":169.6433084101,"aw_f_2_PF_PP":0.0416505535,"aw_f_2_PF_TOT":168.9034370834,"aw_f_2_PLUS_MINUS":48.9376919956,"aw_f_2_STL_PP":0.0153197125,"aw_f_2_STL_TOT":65.2693444618,"aw_f_2_TOV_PP":0.0267169188,"aw_f_2_TOV_TOT":115.3939604706,"aw_f_2_TS_PCT":0.5422701559,"aw_f_2_USG_PCT":0.1994489654,"aw_f_2_W":36.0306613343,"aw_f_2_W_PCT":0.504508897,"aw_g_1_AGE":27.0832898626,"aw_g_1_AST\/TOV":2.1347498344,"aw_g_1_AST_PCT":0.2232119052,"aw_g_1_AST_PP":0.0696732163,"aw_g_1_AST_TOT":307.3359415754,"aw_g_1_BLK_PP":0.0044365618,"aw_g_1_BLK_TOT":18.9511968933,"aw_g_1_DREB_PCT":0.0932457544,"aw_g_1_DREB_PP":0.0464308816,"aw_g_1_DREB_TOT":200.5017678085,"aw_g_1_FG2A_PP":0.1274617748,"aw_g_1_FG2A_TOT":564.001738828,"aw_g_1_FG2M_PP":0.0599740335,"aw_g_1_FG2M_TOT":266.8924824668,"aw_g_1_FG2_PCT":0.4691071214,"aw_g_1_FG3A_PP":0.0584839158,"aw_g_1_FG3A_TOT":254.6662029792,"aw_g_1_FG3M_PP":0.0212350895,"aw_g_1_FG3M_TOT":93.0933750652,"aw_g_1_FG3_FREQ":0.3218363672,"aw_g_1_FG3_PCT":0.3469379818,"aw_g_1_FTA_PP":0.0505240248,"aw_g_1_FTA_TOT":229.0914623544,"aw_g_1_FTM_PP":0.0407208601,"aw_g_1_FTM_TOT":185.6543209877,"aw_g_1_FT_PCT":0.7974350548,"aw_g_1_HEIGHT":75.8692401322,"aw_g_1_L":34.2434359242,"aw_g_1_MIN_TOT":2159.7340755184,"aw_g_1_NET_RATING":0.6087984698,"aw_g_1_OREB_PCT":0.0219547905,"aw_g_1_OREB_PP":0.0109190865,"aw_g_1_OREB_TOT":46.7289746711,"aw_g_1_PFD_PP":0.0376322379,"aw_g_1_PFD_TOT":167.648756738,"aw_g_1_PF_PP":0.0358670376,"aw_g_1_PF_TOT":149.0825363705,"aw_g_1_PLUS_MINUS":49.1051411349,"aw_g_1_STL_PP":0.018084507,"aw_g_1_STL_TOT":78.1198632122,"aw_g_1_TOV_PP":0.0324051469,"aw_g_1_TOV_TOT":141.7047470005,"aw_g_1_TS_PCT":0.5371120964,"aw_g_1_USG_PCT":0.210553353,"aw_g_1_W":35.7035877818,"aw_g_1_W_PCT":0.5050546572,"aw_g_2_AGE":27.049440677,"aw_g_2_AST\/TOV":2.1312864981,"aw_g_2_AST_PCT":0.2219984351,"aw_g_2_AST_PP":0.0692970498,"aw_g_2_AST_TOT":306.2440734945,"aw_g_2_BLK_PP":0.0044257231,"aw_g_2_BLK_TOT":18.9147974265,"aw_g_2_DREB_PCT":0.0930783632,"aw_g_2_DREB_PP":0.0463580247,"aw_g_2_DREB_TOT":200.4920883325,"aw_g_2_FG2A_PP":0.1273271895,"aw_g_2_FG2A_TOT":564.5393844549,"aw_g_2_FG2M_PP":0.0599354895,"aw_g_2_FG2M_TOT":267.2352054715,"aw_g_2_FG2_PCT":0.4693162541,"aw_g_2_FG3A_PP":0.0584444444,"aw_g_2_FG3A_TOT":254.8748043818,"aw_g_2_FG3M_PP":0.0212827914,"aw_g_2_FG3M_TOT":93.3826580884,"aw_g_2_FG3_FREQ":0.3218932735,"aw_g_2_FG3_PCT":0.3468979308,"aw_g_2_FTA_PP":0.0505155045,"aw_g_2_FTA_TOT":229.5536428447,"aw_g_2_FTM_PP":0.0407160494,"aw_g_2_FTM_TOT":185.971715064,"aw_g_2_FT_PCT":0.797731525,"aw_g_2_HEIGHT":75.8609517185,"aw_g_2_L":34.3031936475,"aw_g_2_MIN_TOT":2164.1375578078,"aw_g_2_NET_RATING":0.6006085898,"aw_g_2_OREB_PCT":0.0218771228,"aw_g_2_OREB_PP":0.0108779343,"aw_g_2_OREB_TOT":46.7239900307,"aw_g_2_PFD_PP":0.0376152553,"aw_g_2_PFD_TOT":167.9816843448,"aw_g_2_PF_PP":0.0358618211,"aw_g_2_PF_TOT":149.6504376051,"aw_g_2_PLUS_MINUS":47.8621109372,"aw_g_2_STL_PP":0.0181217759,"aw_g_2_STL_TOT":78.4241001565,"aw_g_2_TOV_PP":0.0322950791,"aw_g_2_TOV_TOT":141.4300121718,"aw_g_2_TS_PCT":0.5377106011,"aw_g_2_USG_PCT":0.2103230163,"aw_g_2_W":35.7940648003,"aw_g_2_W_PCT":0.5052994841,"hm_c_AGE":27.3102069205,"hm_c_AST\/TOV":0.9523862609,"hm_c_AST_PCT":0.0841371935,"hm_c_AST_PP":0.0263895554,"hm_c_AST_TOT":101.6336289341,"hm_c_BLK_PP":0.0230358778,"hm_c_BLK_TOT":85.449255202,"hm_c_DREB_PCT":0.1974192894,"hm_c_DREB_PP":0.098910914,"hm_c_DREB_TOT":372.3823103228,"hm_c_FG2A_PP":0.1458373037,"hm_c_FG2A_TOT":554.7613168724,"hm_c_FG2M_PP":0.0767383643,"hm_c_FG2M_TOT":293.7060221411,"hm_c_FG2_PCT":0.5285915016,"hm_c_FG3A_PP":0.0077798644,"hm_c_FG3A_TOT":31.8699936243,"hm_c_FG3M_PP":0.0026459167,"hm_c_FG3M_TOT":10.9610502521,"hm_c_FG3_FREQ":0.042364265,"hm_c_FG3_PCT":0.1179804092,"hm_c_FTA_PP":0.0564210282,"hm_c_FTA_TOT":219.6781429317,"hm_c_FTM_PP":0.0380789428,"hm_c_FTM_TOT":149.1203268997,"hm_c_FT_PCT":0.6743476497,"hm_c_HEIGHT":83.2783284067,"hm_c_L":33.9310264881,"hm_c_MIN_TOT":1867.9944043602,"hm_c_NET_RATING":0.5784559207,"hm_c_OREB_PCT":0.0914917985,"hm_c_OREB_PP":0.0456221527,"hm_c_OREB_TOT":168.0766823161,"hm_c_PFD_PP":0.0444795108,"hm_c_PFD_TOT":171.826986611,"hm_c_PF_PP":0.0544767287,"hm_c_PF_TOT":189.9987828204,"hm_c_PLUS_MINUS":35.0863617922,"hm_c_STL_PP":0.0119507912,