{"aw_c_AGE":4.1841672051,"aw_c_AST\/TOV":0.5304724762,"aw_c_AST_PCT":0.0494168765,"aw_c_AST_PP":0.0152439261,"aw_c_AST_TOT":77.0811281645,"aw_c_BLK_PP":0.0106399559,"aw_c_BLK_TOT":49.8946912833,"aw_c_DREB_PCT":0.0462880496,"aw_c_DREB_PP":0.0233581026,"aw_c_DREB_TOT":172.4474650364,"aw_c_FG2A_PP":0.0444628102,"aw_c_FG2A_TOT":283.8942738385,"aw_c_FG2M_PP":0.0233814778,"aw_c_FG2M_TOT":151.9038675164,"aw_c_FG2_PCT":0.0599801603,"aw_c_FG3A_PP":0.0190841982,"aw_c_FG3A_TOT":80.2127196742,"aw_c_FG3M_PP":0.0070711243,"aw_c_FG3M_TOT":29.9287281493,"aw_c_FG3_FREQ":0.1042532184,"aw_c_FG3_PCT":0.1931517909,"aw_c_FTA_PP":0.0263740521,"aw_c_FTA_TOT":150.2462949688,"aw_c_FTM_PP":0.0186123352,"aw_c_FTM_TOT":103.6116579774,"aw_c_FT_PCT":0.1193374307,"aw_c_HEIGHT":1.4935174333,"aw_c_L":11.9363085105,"aw_c_MIN_TOT":642.4258972315,"aw_c_NET_RATING":6.1052983402,"aw_c_OREB_PCT":0.0254096611,"aw_c_OREB_PP":0.0134691523,"aw_c_OREB_TOT":78.4815941835,"aw_c_PFD_PP":0.0252575896,"aw_c_PFD_TOT":129.5406434663,"aw_c_PF_PP":0.0145548527,"aw_c_PF_TOT":58.057609163,"aw_c_PLUS_MINUS":225.2592532362,"aw_c_STL_PP":0.0048559038,"aw_c_STL_TOT":24.7668593797,"aw_c_TOV_PP":0.008529588,"aw_c_TOV_TOT":53.1082559441,"aw_c_TS_PCT":0.0517662453,"aw_c_USG_PCT":0.0509089038,"aw_c_W":13.0369115621,"aw_c_W_PCT":0.1520197257,"aw_f_1_AGE":4.0820166582,"aw_f_1_AST\/TOV":0.5100029228,"aw_f_1_AST_PCT":0.0581178201,"aw_f_1_AST_PP":0.0171528863,"aw_f_1_AST_TOT":103.9395706821,"aw_f_1_BLK_PP":0.0084039929,"aw_f_1_BLK_TOT":39.1116295096,"aw_f_1_DREB_PCT":0.0447922941,"aw_f_1_DREB_PP":0.0226777704,"aw_f_1_DREB_TOT":143.1066204956,"aw_f_1_FG2A_PP":0.0518842205,"aw_f_1_FG2A_TOT":321.5198444177,"aw_f_1_FG2M_PP":0.0267669246,"aw_f_1_FG2M_TOT":164.6955608824,"aw_f_1_FG2_PCT":0.0468436893,"aw_f_1_FG3A_PP":0.0315191646,"aw_f_1_FG3A_TOT":149.7479388491,"aw_f_1_FG3M_PP":0.0120264655,"aw_f_1_FG3M_TOT":57.2623362751,"aw_f_1_FG3_FREQ":0.1927432998,"aw_f_1_FG3_PCT":0.1406700836,"aw_f_1_FTA_PP":0.0264428129,"aw_f_1_FTA_TOT":157.3980833707,"aw_f_1_FTM_PP":0.021481851,"aw_f_1_FTM_TOT":127.2753911279,"aw_f_1_FT_PCT":0.0884894926,"aw_f_1_HEIGHT":1.7067865583,"aw_f_1_L":11.6880472618,"aw_f_1_MIN_TOT":639.4163637217,"aw_f_1_NET_RATING":5.774674314,"aw_f_1_OREB_PCT":0.0273137528,"aw_f_1_OREB_PP":0.0139630079,"aw_f_1_OREB_TOT":63.3987254346,"aw_f_1_PFD_PP":0.0233892932,"aw_f_1_PFD_TOT":128.6037508848,"aw_f_1_PF_PP":0.0119383323,"aw_f_1_PF_TOT":52.676368879,"aw_f_1_PLUS_MINUS":253.0306244323,"aw_f_1_STL_PP":0.0052845709,"aw_f_1_STL_TOT":31.5618505371,"aw_f_1_TOV_PP":0.0086162963,"aw_f_1_TOV_TOT":57.2791296413,"aw_f_1_TS_PCT":0.041449057,"aw_f_1_USG_PCT":0.051568305,"aw_f_1_W":12.953287673,"aw_f_1_W_PCT":0.1516988621,"aw_f_2_AGE":4.0721239414,"aw_f_2_AST\/TOV":0.5071755328,"aw_f_2_AST_PCT":0.0579852294,"aw_f_2_AST_PP":0.01714997,"aw_f_2_AST_TOT":103.1775629736,"aw_f_2_BLK_PP":0.0083155707,"aw_f_2_BLK_TOT":38.8674632088,"aw_f_2_DREB_PCT":0.044578591,"aw_f_2_DREB_PP":0.0225497829,"aw_f_2_DREB_TOT":143.2334979068,"aw_f_2_FG2A_PP":0.0514933461,"aw_f_2_FG2A_TOT":320.7405862867,"aw_f_2_FG2M_PP":0.026539754,"aw_f_2_FG2M_TOT":164.1386364277,"aw_f_2_FG2_PCT":0.0469355964,"aw_f_2_FG3A_PP":0.0313362423,"aw_f_2_FG3A_TOT":148.071178325,"aw_f_2_FG3M_PP":0.0119649005,"aw_f_2_FG3M_TOT":56.7995278994,"aw_f_2_FG3_FREQ":0.1913102332,"aw_f_2_FG3_PCT":0.1382741316,"aw_f_2_FTA_PP":0.0265111544,"aw_f_2_FTA_TOT":157.0916957683,"aw_f_2_FTM_PP":0.0215371676,"aw_f_2_FTM_TOT":126.9365939793,"aw_f_2_FT_PCT":0.0891370631,"aw_f_2_HEIGHT":1.7138570572,"aw_f_2_L":11.7031976595,"aw_f_2_MIN_TOT":640.8338309044,"aw_f_2_NET_RATING":5.7594376285,"aw_f_2_OREB_PCT":0.0269416482,"aw_f_2_OREB_PP":0.0137593451,"aw_f_2_OREB_TOT":63.14778047,"aw_f_2_PFD_PP":0.0235978576,"aw_f_2_PFD_TOT":128.922875405,"aw_f_2_PF_PP":0.0120181671,"aw_f_2_PF_TOT":53.1320619262,"aw_f_2_PLUS_MINUS":253.8115438176,"aw_f_2_STL_PP":0.0053142616,"aw_f_2_STL_TOT":31.5290573244,"aw_f_2_TOV_PP":0.0085477694,"aw_f_2_TOV_TOT":56.6545596785,"aw_f_2_TS_PCT":0.0419922048,"aw_f_2_USG_PCT":0.0513917678,"aw_f_2_W":12.9403680721,"aw_f_2_W_PCT":0.1516611044,"aw_g_1_AGE":4.0221616447,"aw_g_1_AST\/TOV":0.7181829011,"aw_g_1_AST_PCT":0.1039283426,"aw_g_1_AST_PP":0.0326454191,"aw_g_1_AST_TOT":183.9738011916,"aw_g_1_BLK_PP":0.003281918,"aw_g_1_BLK_TOT":15.11203338,"aw_g_1_DREB_PCT":0.0249139596,"aw_g_1_DREB_PP":0.0125088986,"aw_g_1_DREB_TOT":86.4805383302,"aw_g_1_FG2A_PP":0.0441146594,"aw_g_1_FG2A_TOT":290.3229346109,"aw_g_1_FG2M_PP":0.0218623553,"aw_g_1_FG2M_TOT":142.6304224399,"aw_g_1_FG2_PCT":0.0417811238,"aw_g_1_FG3A_PP":0.0272548704,"aw_g_1_FG3A_TOT":149.712481774,"aw_g_1_FG3M_PP":0.0111658809,"aw_g_1_FG3M_TOT":60.1422927642,"aw_g_1_FG3_FREQ":0.1506386273,"aw_g_1_FG3_PCT":0.066433309,"aw_g_1_FTA_PP":0.0261384337,"aw_g_1_FTA_TOT":157.8589694026,"aw_g_1_FTM_PP":0.0221514649,"aw_g_1_FTM_TOT":132.6512912091,"aw_g_1_FT_PCT":0.0777709873,"aw_g_1_HEIGHT":2.4003106232,"aw_g_1_L":11.598910406,"aw_g_1_MIN_TOT":637.6270801846,"aw_g_1_NET_RATING":5.7757345831,"aw_g_1_OREB_PCT":0.0114154632,"aw_g_1_OREB_PP":0.0056905714,"aw_g_1_OREB_TOT":27.9254215886,"aw_g_1_PFD_PP":0.0222628887,"aw_g_1_PFD_TOT":125.0939032822,"aw_g_1_PF_PP":0.0091930454,"aw_g_1_PF_TOT":46.9610572218,"aw_g_1_PLUS_MINUS":253.4303344197,"aw_g_1_STL_PP":0.0058775384,"aw_g_1_STL_TOT":35.8028066263,"aw_g_1_TOV_PP":0.0105895316,"aw_g_1_TOV_TOT":68.8974164633,"aw_g_1_TS_PCT":0.0422772239,"aw_g_1_USG_PCT":0.0512895313,"aw_g_1_W":13.3193766023,"aw_g_1_W_PCT":0.1525303089,"aw_g_2_AGE":4.028680773,"aw_g_2_AST\/TOV":0.7276282012,"aw_g_2_AST_PCT":0.1033617096,"aw_g_2_AST_PP":0.0324491056,"aw_g_2_AST_TOT":182.7696792378,"aw_g_2_BLK_PP":0.0032452281,"aw_g_2_BLK_TOT":14.7960198048,"aw_g_2_DREB_PCT":0.0249304743,"aw_g_2_DREB_PP":0.0125099983,"aw_g_2_DREB_TOT":86.11671349,"aw_g_2_FG2A_PP":0.0440184514,"aw_g_2_FG2A_TOT":288.8909404133,"aw_g_2_FG2M_PP":0.0218155183,"aw_g_2_FG2M_TOT":142.0134155952,"aw_g_2_FG2_PCT":0.0421373065,"aw_g_2_FG3A_PP":0.027523765,"aw_g_2_FG3A_TOT":150.4077746374,"aw_g_2_FG3M_PP":0.0112665581,"aw_g_2_FG3M_TOT":60.3469238137,"aw_g_2_FG3_FREQ":0.1523187128,"aw_g_2_FG3_PCT":0.0685102452,"aw_g_2_FTA_PP":0.0261764398,"aw_g_2_FTA_TOT":157.846149895,"aw_g_2_FTM_PP":0.022182531,"aw_g_2_FTM_TOT":132.6688860998,"aw_g_2_FT_PCT":0.0781454068,"aw_g_2_HEIGHT":2.4105563833,"aw_g_2_L":11.5647835281,"aw_g_2_MIN_TOT":630.9293402495,"aw_g_2_NET_RATING":5.7531319159,"aw_g_2_OREB_PCT":0.0112495226,"aw_g_2_OREB_PP":0.0056160758,"aw_g_2_OREB_TOT":27.7352534602,"aw_g_2_PFD_PP":0.0222767537,"aw_g_2_PFD_TOT":125.2065026341,"aw_g_2_PF_PP":0.0089679795,"aw_g_2_PF_TOT":46.7457032401,"aw_g_2_PLUS_MINUS":252.6482788044,"aw_g_2_STL_PP":0.0058707516,"aw_g_2_STL_TOT":35.6334370197,"aw_g_2_TOV_PP":0.0105495679,"aw_g_2_TOV_TOT":68.4181989476,"aw_g_2_TS_PCT":0.042055829,"aw_g_2_USG_PCT":0.0511959112,"aw_g_2_W":13.2798250621,"aw_g_2_W_PCT":0.1523589933,"hm_c_AGE":4.2278315193,"hm_c_AST\/TOV":0.535190615,"hm_c_AST_PCT":0.04955573,"hm_c_AST_PP":0.015255738,"hm_c_AST_TOT":76.7446207181,"hm_c_BLK_PP":0.0105967945,"hm_c_BLK_TOT":50.0013277647,"hm_c_DREB_PCT":0.0461890323,"hm_c_DREB_PP":0.0233491266,"hm_c_DREB_TOT":173.2809155057,"hm_c_FG2A_PP":0.0441787456,"hm_c_FG2A_TOT":282.4333655706,"hm_c_FG2M_PP":0.0232901717,"hm_c_FG2M_TOT":151.3920286427,"hm_c_FG2_PCT":0.0604539047,"hm_c_FG3A_PP":0.0187993828,"hm_c_FG3A_TOT":79.7212138697,"hm_c_FG3M_PP":0.0069698322,"hm_c_FG3M_TOT":29.725849725,"hm_c_FG3_FREQ":0.1014773669,"hm_c_FG3_PCT":0.1956872582,"hm_c_FTA_PP":0.0265746474,"hm_c_FTA_TOT":151.0887537021,"hm_c_FTM_PP":0.0187179607,"hm_c_FTM_TOT":103.8233740744,"hm_c_FT_PCT":0.1212640601,"hm_c_HEIGHT":1.4780502844,"hm_c_L":11.9566682281,"hm_c_MIN_TOT":642.2175800457,"hm_c_NET_RATING":6.1261495718,"hm_c_OREB_PCT":0.0252069509,"hm_c_OREB_PP":0.0133595678,"hm_c_OREB_TOT":78.5092799567,"hm_c_PFD_PP":0.0253960594,"hm_c_PFD_TOT":130.1839650316,"hm_c_PF_PP":0.0144169352,"hm_c_PF_TOT":58.1616531077,"hm_c_PLUS_MINUS":224.6785694962,"hm_c_STL_PP":0.0048368216,"hm_c_STL_TOT":24.7367851196,