{"aw_c_AGE":4.176246602,"aw_c_AST\/TOV":0.5314137893,"aw_c_AST_PCT":0.0493867726,"aw_c_AST_PP":0.0152087943,"aw_c_AST_TOT":76.7731240646,"aw_c_BLK_PP":0.0106309171,"aw_c_BLK_TOT":49.8652026574,"aw_c_DREB_PCT":0.0465648371,"aw_c_DREB_PP":0.0234897761,"aw_c_DREB_TOT":172.8546355846,"aw_c_FG2A_PP":0.0444675586,"aw_c_FG2A_TOT":284.0444227407,"aw_c_FG2M_PP":0.0233900917,"aw_c_FG2M_TOT":152.0057344501,"aw_c_FG2_PCT":0.060138451,"aw_c_FG3A_PP":0.0191882731,"aw_c_FG3A_TOT":80.3263102584,"aw_c_FG3M_PP":0.0071124378,"aw_c_FG3M_TOT":29.9589476429,"aw_c_FG3_FREQ":0.1046898886,"aw_c_FG3_PCT":0.1930605776,"aw_c_FTA_PP":0.0264698542,"aw_c_FTA_TOT":150.6191273422,"aw_c_FTM_PP":0.018678033,"aw_c_FTM_TOT":103.8396446838,"aw_c_FT_PCT":0.1194496011,"aw_c_HEIGHT":1.4880713714,"aw_c_L":11.9275137602,"aw_c_MIN_TOT":642.912279539,"aw_c_NET_RATING":6.1123220196,"aw_c_OREB_PCT":0.0254580858,"aw_c_OREB_PP":0.013484992,"aw_c_OREB_TOT":78.5620948763,"aw_c_PFD_PP":0.025350128,"aw_c_PFD_TOT":129.7223602242,"aw_c_PF_PP":0.014587578,"aw_c_PF_TOT":58.1598194088,"aw_c_PLUS_MINUS":225.0604455958,"aw_c_STL_PP":0.0048668048,"aw_c_STL_TOT":24.8265108491,"aw_c_TOV_PP":0.0085767937,"aw_c_TOV_TOT":53.146472857,"aw_c_TS_PCT":0.0519006613,"aw_c_USG_PCT":0.0509885838,"aw_c_W":13.0753720626,"aw_c_W_PCT":0.1524244904,"aw_f_1_AGE":4.089380942,"aw_f_1_AST\/TOV":0.5081971168,"aw_f_1_AST_PCT":0.0578707689,"aw_f_1_AST_PP":0.0170772747,"aw_f_1_AST_TOT":103.5983957956,"aw_f_1_BLK_PP":0.0083523771,"aw_f_1_BLK_TOT":38.9306283114,"aw_f_1_DREB_PCT":0.0448813391,"aw_f_1_DREB_PP":0.0227088828,"aw_f_1_DREB_TOT":143.4303813724,"aw_f_1_FG2A_PP":0.0519818652,"aw_f_1_FG2A_TOT":321.7924198442,"aw_f_1_FG2M_PP":0.0267579188,"aw_f_1_FG2M_TOT":164.6472224119,"aw_f_1_FG2_PCT":0.0466819532,"aw_f_1_FG3A_PP":0.031430329,"aw_f_1_FG3A_TOT":149.1556917767,"aw_f_1_FG3M_PP":0.0119937624,"aw_f_1_FG3M_TOT":57.0294209688,"aw_f_1_FG3_FREQ":0.1922684387,"aw_f_1_FG3_PCT":0.1399537087,"aw_f_1_FTA_PP":0.0264250932,"aw_f_1_FTA_TOT":157.4069070901,"aw_f_1_FTM_PP":0.021501093,"aw_f_1_FTM_TOT":127.4105321157,"aw_f_1_FT_PCT":0.0890144334,"aw_f_1_HEIGHT":1.7060814262,"aw_f_1_L":11.6967327195,"aw_f_1_MIN_TOT":639.7997247994,"aw_f_1_NET_RATING":5.7682001972,"aw_f_1_OREB_PCT":0.0272150253,"aw_f_1_OREB_PP":0.0139114742,"aw_f_1_OREB_TOT":63.2735861574,"aw_f_1_PFD_PP":0.0234691187,"aw_f_1_PFD_TOT":128.9284257875,"aw_f_1_PF_PP":0.011898691,"aw_f_1_PF_TOT":52.5784683637,"aw_f_1_PLUS_MINUS":252.5983446967,"aw_f_1_STL_PP":0.0053042003,"aw_f_1_STL_TOT":31.5321750075,"aw_f_1_TOV_PP":0.0086107652,"aw_f_1_TOV_TOT":57.1632366942,"aw_f_1_TS_PCT":0.0413287878,"aw_f_1_USG_PCT":0.05158621,"aw_f_1_W":12.9700096488,"aw_f_1_W_PCT":0.1519237978,"aw_f_2_AGE":4.0767560734,"aw_f_2_AST\/TOV":0.5085604871,"aw_f_2_AST_PCT":0.0581005084,"aw_f_2_AST_PP":0.0171738726,"aw_f_2_AST_TOT":103.2911906194,"aw_f_2_BLK_PP":0.0083530137,"aw_f_2_BLK_TOT":38.9707760999,"aw_f_2_DREB_PCT":0.044684487,"aw_f_2_DREB_PP":0.0226078023,"aw_f_2_DREB_TOT":143.2983083166,"aw_f_2_FG2A_PP":0.0515709008,"aw_f_2_FG2A_TOT":320.8736884648,"aw_f_2_FG2M_PP":0.0265816016,"aw_f_2_FG2M_TOT":164.262347609,"aw_f_2_FG2_PCT":0.0468680607,"aw_f_2_FG3A_PP":0.0313842268,"aw_f_2_FG3A_TOT":148.5228163379,"aw_f_2_FG3M_PP":0.0119919498,"aw_f_2_FG3M_TOT":56.9775255705,"aw_f_2_FG3_FREQ":0.1912453909,"aw_f_2_FG3_PCT":0.1388057463,"aw_f_2_FTA_PP":0.0265449068,"aw_f_2_FTA_TOT":157.0183262131,"aw_f_2_FTM_PP":0.0215308182,"aw_f_2_FTM_TOT":126.7582851745,"aw_f_2_FT_PCT":0.0891360421,"aw_f_2_HEIGHT":1.7202255628,"aw_f_2_L":11.7311953107,"aw_f_2_MIN_TOT":640.6136548299,"aw_f_2_NET_RATING":5.7686335222,"aw_f_2_OREB_PCT":0.0270867499,"aw_f_2_OREB_PP":0.0138340902,"aw_f_2_OREB_TOT":63.1951490387,"aw_f_2_PFD_PP":0.0236360072,"aw_f_2_PFD_TOT":128.9055773163,"aw_f_2_PF_PP":0.0120723431,"aw_f_2_PF_TOT":53.2846732733,"aw_f_2_PLUS_MINUS":253.6835123686,"aw_f_2_STL_PP":0.0053179612,"aw_f_2_STL_TOT":31.4746030931,"aw_f_2_TOV_PP":0.0085597939,"aw_f_2_TOV_TOT":56.5886323482,"aw_f_2_TS_PCT":0.0418921321,"aw_f_2_USG_PCT":0.0515471484,"aw_f_2_W":12.9536393443,"aw_f_2_W_PCT":0.1519875428,"aw_g_1_AGE":4.0297163534,"aw_g_1_AST\/TOV":0.718189829,"aw_g_1_AST_PCT":0.103788073,"aw_g_1_AST_PP":0.0325883118,"aw_g_1_AST_TOT":183.9290865406,"aw_g_1_BLK_PP":0.0033294502,"aw_g_1_BLK_TOT":15.2899260343,"aw_g_1_DREB_PCT":0.0250183164,"aw_g_1_DREB_PP":0.0125590126,"aw_g_1_DREB_TOT":86.7531839687,"aw_g_1_FG2A_PP":0.0440851658,"aw_g_1_FG2A_TOT":290.721912211,"aw_g_1_FG2M_PP":0.021831484,"aw_g_1_FG2M_TOT":142.7571375969,"aw_g_1_FG2_PCT":0.0417416389,"aw_g_1_FG3A_PP":0.0272781681,"aw_g_1_FG3A_TOT":150.0156658352,"aw_g_1_FG3M_PP":0.0111844288,"aw_g_1_FG3M_TOT":60.2841472602,"aw_g_1_FG3_FREQ":0.151041147,"aw_g_1_FG3_PCT":0.0666576444,"aw_g_1_FTA_PP":0.0261586739,"aw_g_1_FTA_TOT":158.2172801495,"aw_g_1_FTM_PP":0.0221825594,"aw_g_1_FTM_TOT":133.0310029022,"aw_g_1_FT_PCT":0.0782344915,"aw_g_1_HEIGHT":2.4014362113,"aw_g_1_L":11.6150145519,"aw_g_1_MIN_TOT":640.7454144693,"aw_g_1_NET_RATING":5.768713049,"aw_g_1_OREB_PCT":0.0114255357,"aw_g_1_OREB_PP":0.0056997069,"aw_g_1_OREB_TOT":27.9018418682,"aw_g_1_PFD_PP":0.0223018644,"aw_g_1_PFD_TOT":125.4021284094,"aw_g_1_PF_PP":0.009194952,"aw_g_1_PF_TOT":46.8704520295,"aw_g_1_PLUS_MINUS":252.635534271,"aw_g_1_STL_PP":0.00585196,"aw_g_1_STL_TOT":35.8317627363,"aw_g_1_TOV_PP":0.0105759047,"aw_g_1_TOV_TOT":68.81660274,"aw_g_1_TS_PCT":0.0423957135,"aw_g_1_USG_PCT":0.051228206,"aw_g_1_W":13.3428036654,"aw_g_1_W_PCT":0.152735749,"aw_g_2_AGE":4.0466886076,"aw_g_2_AST\/TOV":0.7250656252,"aw_g_2_AST_PCT":0.1031666625,"aw_g_2_AST_PP":0.0324220853,"aw_g_2_AST_TOT":182.8688974047,"aw_g_2_BLK_PP":0.0032324537,"aw_g_2_BLK_TOT":14.7296520164,"aw_g_2_DREB_PCT":0.0249184589,"aw_g_2_DREB_PP":0.0124925492,"aw_g_2_DREB_TOT":85.7358800862,"aw_g_2_FG2A_PP":0.0440399855,"aw_g_2_FG2A_TOT":288.7857737963,"aw_g_2_FG2M_PP":0.0218274162,"aw_g_2_FG2M_TOT":141.9644579276,"aw_g_2_FG2_PCT":0.0421440496,"aw_g_2_FG3A_PP":0.0274525591,"aw_g_2_FG3A_TOT":149.9840437045,"aw_g_2_FG3M_PP":0.0112442692,"aw_g_2_FG3M_TOT":60.2093908305,"aw_g_2_FG3_FREQ":0.1521291064,"aw_g_2_FG3_PCT":0.0685373614,"aw_g_2_FTA_PP":0.0262213399,"aw_g_2_FTA_TOT":158.0019377104,"aw_g_2_FTM_PP":0.022202957,"aw_g_2_FTM_TOT":132.7106186752,"aw_g_2_FT_PCT":0.0776671711,"aw_g_2_HEIGHT":2.4080591254,"aw_g_2_L":11.5878782452,"aw_g_2_MIN_TOT":629.6529422594,"aw_g_2_NET_RATING":5.7432195888,"aw_g_2_OREB_PCT":0.0112596666,"aw_g_2_OREB_PP":0.0056161502,"aw_g_2_OREB_TOT":27.7647391642,"aw_g_2_PFD_PP":0.0223491704,"aw_g_2_PFD_TOT":125.498358984,"aw_g_2_PF_PP":0.0089633312,"aw_g_2_PF_TOT":46.7411649704,"aw_g_2_PLUS_MINUS":252.3563536706,"aw_g_2_STL_PP":0.0058657251,"aw_g_2_STL_TOT":35.5690853799,"aw_g_2_TOV_PP":0.0105421476,"aw_g_2_TOV_TOT":68.4545364849,"aw_g_2_TS_PCT":0.0421676519,"aw_g_2_USG_PCT":0.0511145357,"aw_g_2_W":13.2722896227,"aw_g_2_W_PCT":0.1524687857,"aw_W_PCT":0.185182924,"aw_GP":23.4874422116}