{"hm_c_AGE":27.314206225,"hm_c_AST\/TOV":0.9504876696,"hm_c_AST_PCT":0.083912479,"hm_c_AST_PP":0.0263120617,"hm_c_AST_TOT":101.2233814409,"hm_c_BLK_PP":0.0231604359,"hm_c_BLK_TOT":85.8483741958,"hm_c_DREB_PCT":0.1973830059,"hm_c_DREB_PP":0.098916942,"hm_c_DREB_TOT":372.0621341216,"hm_c_FG2A_PP":0.1459089434,"hm_c_FG2A_TOT":554.8850634672,"hm_c_FG2M_PP":0.0767657799,"hm_c_FG2M_TOT":293.6953573292,"hm_c_FG2_PCT":0.5284275904,"hm_c_FG3A_PP":0.0078170753,"hm_c_FG3A_TOT":31.8469831334,"hm_c_FG3M_PP":0.002657335,"hm_c_FG3M_TOT":10.9393728627,"hm_c_FG3_FREQ":0.0425667393,"hm_c_FG3_PCT":0.117930215,"hm_c_FTA_PP":0.0564222454,"hm_c_FTA_TOT":219.5206051122,"hm_c_FTM_PP":0.0380493248,"hm_c_FTM_TOT":148.9152031531,"hm_c_FT_PCT":0.6740717556,"hm_c_HEIGHT":83.2769373442,"hm_c_L":33.9496319481,"hm_c_MIN_TOT":1866.6135238372,"hm_c_NET_RATING":0.5633686895,"hm_c_OREB_PCT":0.0915348055,"hm_c_OREB_PP":0.0456595375,"hm_c_OREB_TOT":168.0848548079,"hm_c_PFD_PP":0.0444108271,"hm_c_PFD_TOT":171.3251608416,"hm_c_PF_PP":0.0544828725,"hm_c_PF_TOT":189.8351591028,"hm_c_PLUS_MINUS":34.3612125427,"hm_c_STL_PP":0.0119318379,"hm_c_STL_TOT":44.3181475685,"hm_c_TOV_PP":0.0289103924,"hm_c_TOV_TOT":107.9593114241,"hm_c_TS_PCT":0.5581189358,"hm_c_USG_PCT":0.1822816901,"hm_c_W":35.1083289863,"hm_c_W_PCT":0.5042069785,"hm_f_1_AGE":27.1661739987,"hm_f_1_AST\/TOV":1.3452613897,"hm_f_1_AST_PCT":0.1141257173,"hm_f_1_AST_PP":0.0352801832,"hm_f_1_AST_TOT":157.0336753028,"hm_f_1_BLK_PP":0.0113069611,"hm_f_1_BLK_TOT":47.8124963774,"hm_f_1_DREB_PCT":0.1517391178,"hm_f_1_DREB_PP":0.0758326088,"hm_f_1_DREB_TOT":324.2528255955,"hm_f_1_FG2A_PP":0.1380940706,"hm_f_1_FG2A_TOT":605.4596302092,"hm_f_1_FG2M_PP":0.0682065728,"hm_f_1_FG2M_TOT":300.3826001275,"hm_f_1_FG2_PCT":0.4918780043,"hm_f_1_FG3A_PP":0.0396874746,"hm_f_1_FG3A_TOT":172.2039645279,"hm_f_1_FG3M_PP":0.0141670434,"hm_f_1_FG3M_TOT":61.9433721672,"hm_f_1_FG3_FREQ":0.2316275933,"hm_f_1_FG3_PCT":0.2893067293,"hm_f_1_FTA_PP":0.0530566858,"hm_f_1_FTA_TOT":237.3712397844,"hm_f_1_FTM_PP":0.0402954269,"hm_f_1_FTM_TOT":181.8618211326,"hm_f_1_FT_PCT":0.7522840086,"hm_f_1_HEIGHT":80.5421665797,"hm_f_1_L":34.7256708978,"hm_f_1_MIN_TOT":2145.5151094452,"hm_f_1_NET_RATING":0.7629281864,"hm_f_1_OREB_PCT":0.0516868371,"hm_f_1_OREB_PP":0.0257954559,"hm_f_1_OREB_TOT":107.3674143627,"hm_f_1_PFD_PP":0.0386665507,"hm_f_1_PFD_TOT":170.4428215383,"hm_f_1_PF_PP":0.0415417029,"hm_f_1_PF_TOT":169.2333507216,"hm_f_1_PLUS_MINUS":51.0239958268,"hm_f_1_STL_PP":0.0153069611,"hm_f_1_STL_TOT":65.5698139454,"hm_f_1_TOV_PP":0.0267838637,"hm_f_1_TOV_TOT":116.2840085782,"hm_f_1_TS_PCT":0.5426837072,"hm_f_1_USG_PCT":0.1999263317,"hm_f_1_W":36.1476844607,"hm_f_1_W_PCT":0.506062308,"hm_f_2_AGE":27.2080217933,"hm_f_2_AST\/TOV":1.3471682779,"hm_f_2_AST_PCT":0.1139179853,"hm_f_2_AST_PP":0.0352298731,"hm_f_2_AST_TOT":157.1827508259,"hm_f_2_BLK_PP":0.0112420449,"hm_f_2_BLK_TOT":47.7563322321,"hm_f_2_DREB_PCT":0.1521932418,"hm_f_2_DREB_PP":0.076044572,"hm_f_2_DREB_TOT":326.7319306787,"hm_f_2_FG2A_PP":0.1387544195,"hm_f_2_FG2A_TOT":609.617805599,"hm_f_2_FG2M_PP":0.0685334145,"hm_f_2_FG2M_TOT":302.4556309048,"hm_f_2_FG2_PCT":0.4920790944,"hm_f_2_FG3A_PP":0.0391814757,"hm_f_2_FG3A_TOT":170.773140903,"hm_f_2_FG3M_PP":0.013955486,"hm_f_2_FG3M_TOT":61.298324929,"hm_f_2_FG3_FREQ":0.2293266738,"hm_f_2_FG3_PCT":0.2887665913,"hm_f_2_FTA_PP":0.0532222222,"hm_f_2_FTA_TOT":238.4088564308,"hm_f_2_FTM_PP":0.0404949864,"hm_f_2_FTM_TOT":182.8981626384,"hm_f_2_FT_PCT":0.753525184,"hm_f_2_HEIGHT":80.5857532023,"hm_f_2_L":34.7535501072,"hm_f_2_MIN_TOT":2154.4777710114,"hm_f_2_NET_RATING":0.7753376224,"hm_f_2_OREB_PCT":0.0518732394,"hm_f_2_OREB_PP":0.0258823973,"hm_f_2_OREB_TOT":108.4559786704,"hm_f_2_PFD_PP":0.0389028575,"hm_f_2_PFD_TOT":171.8703993508,"hm_f_2_PF_PP":0.0413661972,"hm_f_2_PF_TOT":169.5091288472,"hm_f_2_PLUS_MINUS":51.5351533067,"hm_f_2_STL_PP":0.015317568,"hm_f_2_STL_TOT":65.7920361676,"hm_f_2_TOV_PP":0.0267609691,"hm_f_2_TOV_TOT":116.5493537356,"hm_f_2_TS_PCT":0.5426238335,"hm_f_2_USG_PCT":0.2001215441,"hm_f_2_W":36.2228597925,"hm_f_2_W_PCT":0.5062572886,"hm_g_1_AGE":27.0912305106,"hm_g_1_AST\/TOV":2.13717108,"hm_g_1_AST_PCT":0.2230747696,"hm_g_1_AST_PP":0.0696583783,"hm_g_1_AST_TOT":308.7264823509,"hm_g_1_BLK_PP":0.0043985973,"hm_g_1_BLK_TOT":18.942618675,"hm_g_1_DREB_PCT":0.092893178,"hm_g_1_DREB_PP":0.0462669681,"hm_g_1_DREB_TOT":200.9251724338,"hm_g_1_FG2A_PP":0.1276003594,"hm_g_1_FG2A_TOT":568.3518808323,"hm_g_1_FG2M_PP":0.060089086,"hm_g_1_FG2M_TOT":269.0810293862,"hm_g_1_FG2_PCT":0.4693684139,"hm_g_1_FG3A_PP":0.0584127398,"hm_g_1_FG3A_TOT":255.559612821,"hm_g_1_FG3M_PP":0.021240422,"hm_g_1_FG3M_TOT":93.4959717151,"hm_g_1_FG3_FREQ":0.3216804139,"hm_g_1_FG3_PCT":0.3469299252,"hm_g_1_FTA_PP":0.0505654089,"hm_g_1_FTA_TOT":230.444850171,"hm_g_1_FTM_PP":0.040749203,"hm_g_1_FTM_TOT":186.644293746,"hm_g_1_FT_PCT":0.7975621051,"hm_g_1_HEIGHT":75.8484901177,"hm_g_1_L":34.2949631948,"hm_g_1_MIN_TOT":2173.2440464409,"hm_g_1_NET_RATING":0.6798006144,"hm_g_1_OREB_PCT":0.0218990321,"hm_g_1_OREB_PP":0.01088431,"hm_g_1_OREB_TOT":46.9782066887,"hm_g_1_PFD_PP":0.0375420507,"hm_g_1_PFD_TOT":168.0548310439,"hm_g_1_PF_PP":0.0357500725,"hm_g_1_PF_TOT":149.8105257057,"hm_g_1_PLUS_MINUS":50.6211093723,"hm_g_1_STL_PP":0.0180841593,"hm_g_1_STL_TOT":78.6096910682,"hm_g_1_TOV_PP":0.0323675303,"hm_g_1_TOV_TOT":142.4239262737,"hm_g_1_TS_PCT":0.5376761723,"hm_g_1_USG_PCT":0.2106200081,"hm_g_1_W":35.9199559497,"hm_g_1_W_PCT":0.5066757086,"hm_g_2_AGE":27.1130817829,"hm_g_2_AST\/TOV":2.1417946118,"hm_g_2_AST_PCT":0.2238040341,"hm_g_2_AST_PP":0.0699103344,"hm_g_2_AST_TOT":310.2560714079,"hm_g_2_BLK_PP":0.0043919318,"hm_g_2_BLK_TOT":18.9135802469,"hm_g_2_DREB_PCT":0.0930792906,"hm_g_2_DREB_PP":0.0463597635,"hm_g_2_DREB_TOT":201.750188373,"hm_g_2_FG2A_PP":0.1275081435,"hm_g_2_FG2A_TOT":567.7570857242,"hm_g_2_FG2M_PP":0.0600155335,"hm_g_2_FG2M_TOT":268.7151220078,"hm_g_2_FG2_PCT":0.4694879066,"hm_g_2_FG3A_PP":0.0585668579,"hm_g_2_FG3A_TOT":256.4399814525,"hm_g_2_FG3M_PP":0.0213379122,"hm_g_2_FG3M_TOT":93.9634266504,"hm_g_2_FG3_FREQ":0.3226720455,"hm_g_2_FG3_PCT":0.3474053788,"hm_g_2_FTA_PP":0.0506557121,"hm_g_2_FTA_TOT":231.1145308062,"hm_g_2_FTM_PP":0.0408443749,"hm_g_2_FTM_TOT":187.3306671304,"hm_g_2_FT_PCT":0.7978664,"hm_g_2_HEIGHT":75.8855851156,"hm_g_2_L":34.2732858054,"hm_g_2_MIN_TOT":2176.3617864468,"hm_g_2_NET_RATING":0.7138584594,"hm_g_2_OREB_PCT":0.021823509,"hm_g_2_OREB_PP":0.010856083,"hm_g_2_OREB_TOT":46.8921926621,"hm_g_2_PFD_PP":0.0375537008,"hm_g_2_PFD_TOT":168.3843969165,"hm_g_2_PF_PP":0.0357248015,"hm_g_2_PF_TOT":149.9387352924,"hm_g_2_PLUS_MINUS":51.8892366545,"hm_g_2_STL_PP":0.0181154002,"hm_g_2_STL_TOT":78.7888483162,"hm_g_2_TOV_PP":0.032414015,"hm_g_2_TOV_TOT":142.7017909929,"hm_g_2_TS_PCT":0.5380525706,"hm_g_2_USG_PCT":0.2107130354,"hm_g_2_W":35.9456326436,"hm_g_2_W_PCT":0.50711569,"hm_W_PCT":0.5049712514,"hm_GP":40.9919434301}