{"hm_c_AGE":4.2313088223,"hm_c_AST\/TOV":0.5366418172,"hm_c_AST_PCT":0.0495274352,"hm_c_AST_PP":0.0152513553,"hm_c_AST_TOT":76.8366847639,"hm_c_BLK_PP":0.0106647877,"hm_c_BLK_TOT":50.1279336783,"hm_c_DREB_PCT":0.0461556272,"hm_c_DREB_PP":0.023324731,"hm_c_DREB_TOT":172.8737619642,"hm_c_FG2A_PP":0.0444113708,"hm_c_FG2A_TOT":283.8168352567,"hm_c_FG2M_PP":0.0234070958,"hm_c_FG2M_TOT":151.841560129,"hm_c_FG2_PCT":0.0602269947,"hm_c_FG3A_PP":0.0187696307,"hm_c_FG3A_TOT":79.1614558112,"hm_c_FG3M_PP":0.006958603,"hm_c_FG3M_TOT":29.4868958248,"hm_c_FG3_FREQ":0.1011292065,"hm_c_FG3_PCT":0.1960147542,"hm_c_FTA_PP":0.0266794672,"hm_c_FTA_TOT":151.5092871539,"hm_c_FTM_PP":0.0187520305,"hm_c_FTM_TOT":103.99384898,"hm_c_FT_PCT":0.1210377787,"hm_c_HEIGHT":1.4766202936,"hm_c_L":11.9837718052,"hm_c_MIN_TOT":643.7000918721,"hm_c_NET_RATING":6.1298927569,"hm_c_OREB_PCT":0.0252320306,"hm_c_OREB_PP":0.0133830192,"hm_c_OREB_TOT":78.5856547599,"hm_c_PFD_PP":0.0254778918,"hm_c_PFD_TOT":130.3845697943,"hm_c_PF_PP":0.0144574852,"hm_c_PF_TOT":58.1956650225,"hm_c_PLUS_MINUS":224.7955726104,"hm_c_STL_PP":0.0048675504,"hm_c_STL_TOT":24.8770461723,"hm_c_TOV_PP":0.0086665758,"hm_c_TOV_TOT":53.3708456951,"hm_c_TS_PCT":0.0522897353,"hm_c_USG_PCT":0.0514953207,"hm_c_W":13.1404961189,"hm_c_W_PCT":0.1525579638,"hm_f_1_AGE":4.1082986761,"hm_f_1_AST\/TOV":0.5054510854,"hm_f_1_AST_PCT":0.0580691923,"hm_f_1_AST_PP":0.0171224203,"hm_f_1_AST_TOT":103.4779166929,"hm_f_1_BLK_PP":0.0084428344,"hm_f_1_BLK_TOT":39.2344168894,"hm_f_1_DREB_PCT":0.0446475846,"hm_f_1_DREB_PP":0.022602116,"hm_f_1_DREB_TOT":142.2123636831,"hm_f_1_FG2A_PP":0.0516920057,"hm_f_1_FG2A_TOT":320.7750598487,"hm_f_1_FG2M_PP":0.0266340872,"hm_f_1_FG2M_TOT":164.22369855,"hm_f_1_FG2_PCT":0.046288908,"hm_f_1_FG3A_PP":0.0314417988,"hm_f_1_FG3A_TOT":148.5225943298,"hm_f_1_FG3M_PP":0.0119979817,"hm_f_1_FG3M_TOT":56.8723781393,"hm_f_1_FG3_FREQ":0.1916462615,"hm_f_1_FG3_PCT":0.1396161352,"hm_f_1_FTA_PP":0.026488776,"hm_f_1_FTA_TOT":157.7433569045,"hm_f_1_FTM_PP":0.0215006925,"hm_f_1_FTM_TOT":127.4522019018,"hm_f_1_FT_PCT":0.0886339358,"hm_f_1_HEIGHT":1.7043252556,"hm_f_1_L":11.6672994572,"hm_f_1_MIN_TOT":635.1215870603,"hm_f_1_NET_RATING":5.7486922579,"hm_f_1_OREB_PCT":0.0271706559,"hm_f_1_OREB_PP":0.0138491571,"hm_f_1_OREB_TOT":62.8170783974,"hm_f_1_PFD_PP":0.0235338247,"hm_f_1_PFD_TOT":129.2135138091,"hm_f_1_PF_PP":0.0119141945,"hm_f_1_PF_TOT":52.3628481689,"hm_f_1_PLUS_MINUS":254.3635755394,"hm_f_1_STL_PP":0.0053152953,"hm_f_1_STL_TOT":31.4591256618,"hm_f_1_TOV_PP":0.0085315288,"hm_f_1_TOV_TOT":56.6836191605,"hm_f_1_TS_PCT":0.0412837008,"hm_f_1_USG_PCT":0.0515077448,"hm_f_1_W":12.8934202654,"hm_f_1_W_PCT":0.15173056,"hm_f_2_AGE":4.0565240349,"hm_f_2_AST\/TOV":0.5093840823,"hm_f_2_AST_PCT":0.0575380606,"hm_f_2_AST_PP":0.0170581544,"hm_f_2_AST_TOT":102.6616693809,"hm_f_2_BLK_PP":0.0083217335,"hm_f_2_BLK_TOT":38.8908911276,"hm_f_2_DREB_PCT":0.0448021811,"hm_f_2_DREB_PP":0.0226753586,"hm_f_2_DREB_TOT":142.8513638109,"hm_f_2_FG2A_PP":0.052030468,"hm_f_2_FG2A_TOT":320.2934459356,"hm_f_2_FG2M_PP":0.0267927087,"hm_f_2_FG2M_TOT":164.1028371624,"hm_f_2_FG2_PCT":0.0461544862,"hm_f_2_FG3A_PP":0.0314998599,"hm_f_2_FG3A_TOT":149.5225504669,"hm_f_2_FG3M_PP":0.0120024703,"hm_f_2_FG3M_TOT":57.2138366394,"hm_f_2_FG3_FREQ":0.1924752777,"hm_f_2_FG3_PCT":0.1383726302,"hm_f_2_FTA_PP":0.0265221684,"hm_f_2_FTA_TOT":156.5889644395,"hm_f_2_FTM_PP":0.0215966234,"hm_f_2_FTM_TOT":126.7702016885,"hm_f_2_FT_PCT":0.0872292617,"hm_f_2_HEIGHT":1.7074848042,"hm_f_2_L":11.6199120253,"hm_f_2_MIN_TOT":628.8844710845,"hm_f_2_NET_RATING":5.7261336434,"hm_f_2_OREB_PCT":0.0269000243,"hm_f_2_OREB_PP":0.0137422946,"hm_f_2_OREB_TOT":63.4062024033,"hm_f_2_PFD_PP":0.0237302152,"hm_f_2_PFD_TOT":129.3420838196,"hm_f_2_PF_PP":0.0118594053,"hm_f_2_PF_TOT":52.4216079342,"hm_f_2_PLUS_MINUS":253.9175139591,"hm_f_2_STL_PP":0.0053116717,"hm_f_2_STL_TOT":31.3458870567,"hm_f_2_TOV_PP":0.0085828528,"hm_f_2_TOV_TOT":56.441171122,"hm_f_2_TS_PCT":0.041240547,"hm_f_2_USG_PCT":0.0515503771,"hm_f_2_W":12.8937251449,"hm_f_2_W_PCT":0.151666834,"hm_g_1_AGE":4.0215203123,"hm_g_1_AST\/TOV":0.7327120478,"hm_g_1_AST_PCT":0.1036605623,"hm_g_1_AST_PP":0.0325301035,"hm_g_1_AST_TOT":182.1339061225,"hm_g_1_BLK_PP":0.0032682676,"hm_g_1_BLK_TOT":15.2203694322,"hm_g_1_DREB_PCT":0.0249356075,"hm_g_1_DREB_PP":0.0125024019,"hm_g_1_DREB_TOT":85.9286312049,"hm_g_1_FG2A_PP":0.0442123335,"hm_g_1_FG2A_TOT":289.9328838033,"hm_g_1_FG2M_PP":0.0219453354,"hm_g_1_FG2M_TOT":142.5811773892,"hm_g_1_FG2_PCT":0.0417396239,"hm_g_1_FG3A_PP":0.0273539246,"hm_g_1_FG3A_TOT":149.6200142032,"hm_g_1_FG3M_PP":0.0111956488,"hm_g_1_FG3M_TOT":60.1663884146,"hm_g_1_FG3_FREQ":0.1516927207,"hm_g_1_FG3_PCT":0.0668403104,"hm_g_1_FTA_PP":0.0262677222,"hm_g_1_FTA_TOT":158.3159809989,"hm_g_1_FTM_PP":0.0222324618,"hm_g_1_FTM_TOT":132.7772131878,"hm_g_1_FT_PCT":0.0767540895,"hm_g_1_HEIGHT":2.403027747,"hm_g_1_L":11.6252687037,"hm_g_1_MIN_TOT":625.4522012548,"hm_g_1_NET_RATING":5.7395065576,"hm_g_1_OREB_PCT":0.0113169492,"hm_g_1_OREB_PP":0.0056413596,"hm_g_1_OREB_TOT":27.8590626134,"hm_g_1_PFD_PP":0.022373195,"hm_g_1_PFD_TOT":125.5187085768,"hm_g_1_PF_PP":0.0089816361,"hm_g_1_PF_TOT":46.6243118157,"hm_g_1_PLUS_MINUS":253.9041704646,"hm_g_1_STL_PP":0.0058628646,"hm_g_1_STL_TOT":35.6134793627,"hm_g_1_TOV_PP":0.0105807515,"hm_g_1_TOV_TOT":68.5231582755,"hm_g_1_TS_PCT":0.041658049,"hm_g_1_USG_PCT":0.0511353998,"hm_g_1_W":13.2686373434,"hm_g_1_W_PCT":0.1525095422,"hm_g_2_AGE":4.0179246741,"hm_g_2_AST\/TOV":0.7175866673,"hm_g_2_AST_PCT":0.1038958842,"hm_g_2_AST_PP":0.032657738,"hm_g_2_AST_TOT":183.5182543924,"hm_g_2_BLK_PP":0.0032523841,"hm_g_2_BLK_TOT":15.0476659728,"hm_g_2_DREB_PCT":0.0247963145,"hm_g_2_DREB_PP":0.0124377118,"hm_g_2_DREB_TOT":85.4245173342,"hm_g_2_FG2A_PP":0.0445463277,"hm_g_2_FG2A_TOT":289.0121716318,"hm_g_2_FG2M_PP":0.0220070271,"hm_g_2_FG2M_TOT":142.05317513,"hm_g_2_FG2_PCT":0.0415946124,"hm_g_2_FG3A_PP":0.0274458623,"hm_g_2_FG3A_TOT":149.5947048063,"hm_g_2_FG3M_PP":0.0112761307,"hm_g_2_FG3M_TOT":60.3237289667,"hm_g_2_FG3_FREQ":0.1523677278,"hm_g_2_FG3_PCT":0.0675589527,"hm_g_2_FTA_PP":0.0262846053,"hm_g_2_FTA_TOT":157.7961202224,"hm_g_2_FTM_PP":0.022294413,"hm_g_2_FTM_TOT":132.7909940609,"hm_g_2_FT_PCT":0.0775718012,"hm_g_2_HEIGHT":2.4103722724,"hm_g_2_L":11.6254806088,"hm_g_2_MIN_TOT":619.829336618,"hm_g_2_NET_RATING":5.7375322604,"hm_g_2_OREB_PCT":0.0113074876,"hm_g_2_OREB_PP":0.0056433061,"hm_g_2_OREB_TOT":27.7846426531,"hm_g_2_PFD_PP":0.0223725557,"hm_g_2_PFD_TOT":125.2503938207,"hm_g_2_PF_PP":0.0089486756,"hm_g_2_PF_TOT":45.8781723479,"hm_g_2_PLUS_MINUS":254.8288908571,"hm_g_2_STL_PP":0.0058961183,"hm_g_2_STL_TOT":35.4169737639,"hm_g_2_TOV_PP":0.0105086182,"hm_g_2_TOV_TOT":68.1959768653,"hm_g_2_TS_PCT":0.0420711802,"hm_g_2_USG_PCT":0.0512523227,"hm_g_2_W":13.2320688265,"hm_g_2_W_PCT":0.1523890547,"hm_W_PCT":0.1856391715,"hm_GP":23.5563155354}